client_id,hosting_vendor_id,browser_ip,creation_time,vendor_customer_id,vendor_order_id
234-23,23,13.244.177.77,2023-03-05T18:22:20Z,50e79e77-fe95-43da-ac7d-341cdb23599a,233
234-23,23,85.99.136.250,2023-03-08T15:30:03Z,41f3f6df-f849-4093-bf49-7322ff81fec7,234
234-23,23,35.170.9.46,2023-02-21T07:42:25Z,b9c96e8e-4cb1-42cd-b49b-f83b15f7d598,235
234-23,23,70.143.186.219,2023-03-13T07:25:07Z,4c88e42e-4c37-4b80-861e-5daad534a8eb,236
234-23,23,156.3.211.149,2023-03-05T06:54:23Z,3b7a2bcd-b841-4cb6-9ca6-a474de6b02c8,237
234-23,23,252.18.82.19,2023-03-05T00:42:50Z,68e68303-15a0-4b70-a642-26356228e8fe,238
234-23,23,253.243.75.182,2023-02-14T00:22:47Z,b3c191c0-81a1-4bc6-897f-6364a37c450e,239
234-23,23,70.85.186.191,2023-03-04T13:30:56Z,94521dee-1880-46f9-af4b-c68290a20d26,240
234-23,23,155.233.184.14,2023-02-27T21:51:49Z,d3a88cfa-3049-4209-8c54-4c5e35538a15,241
234-23,23,164.17.156.77,2023-02-25T18:23:23Z,47260f07-76e0-4088-ac89-eda8f8bb2749,242
234-23,23,131.46.84.92,2023-03-09T02:25:12Z,32567682-a213-47a2-abb4-870912dc1b22,243
234-23,23,199.76.126.246,2023-03-08T17:02:21Z,b508bb63-e6b2-4b32-a26a-f361244f367a,244
234-23,23,23.122.57.12,2023-02-24T17:34:55Z,94632b23-d2fe-49bc-b266-2aba967f67c1,245
234-23,23,21.107.238.77,2023-02-23T20:20:39Z,dca546e2-2c01-4e6c-9276-65e7593ca6ca,246
234-23,23,162.232.202.59,2023-02-17T07:46:18Z,470d8d21-1b16-4fa4-a84c-7e32aad767ae,247
234-23,23,235.209.232.6,2023-02-19T15:17:03Z,ba62e5fe-40e8-4ce2-ab7f-d724934f6359,248
234-23,23,207.199.129.200,2023-03-05T05:44:59Z,8adb9bf0-6c49-485d-99d6-49baa63c74dc,249
234-23,23,113.5.65.88,2023-03-01T04:32:39Z,ae2ded98-e8ff-4899-bcec-c20595d2aa65,250
234-23,23,236.143.80.123,2023-02-23T19:29:09Z,10263f58-379d-4492-89df-d6354c46b055,251
234-23,23,84.149.119.142,2023-02-21T07:16:34Z,df11cb1d-75d6-480c-a034-23afe0e369b3,252
234-23,23,22.158.94.44,2023-03-13T07:33:23Z,b9e89765-1d5e-4ae3-8a3f-15430f1e96a7,253
234-23,23,164.181.41.255,2023-02-25T05:53:31Z,3c0f0879-0183-4e80-8373-bec25ee2dd22,254
234-23,23,76.19.183.212,2023-02-16T19:34:48Z,f8073e43-63db-4d7c-bba4-f0607d16a4db,255
234-23,23,247.14.75.230,2023-03-10T04:14:27Z,50f0181a-9761-4b17-89ae-754cf43f8dd4,256
234-23,23,238.36.188.174,2023-02-25T04:13:06Z,a781aea9-e764-4150-9f02-4117f333be53,257
234-23,23,39.96.112.78,2023-02-15T20:49:12Z,bb52401e-69ec-4fcd-8574-ddf6b21c4953,258
234-23,23,43.94.187.179,2023-03-13T09:04:48Z,cb7d056b-bf65-4f7c-92a5-52b555e125a9,259
234-23,23,145.34.242.79,2023-03-11T07:43:54Z,39f7674d-42be-43a8-b5d8-995007ec1ef9,260
234-23,23,233.97.64.69,2023-03-04T00:15:58Z,085af975-9684-44a0-8efa-9665b10a11ca,261
234-23,23,154.202.17.223,2023-02-24T07:34:11Z,0b9e124d-3989-4697-99fb-6971e3e56612,262
234-23,23,50.38.131.112,2023-03-10T12:14:46Z,35450972-0b02-4598-9039-bfbd3c66ff69,263
234-23,23,106.244.6.69,2023-02-28T05:12:23Z,aae8823d-02d0-45ad-8b1a-e2b191217011,264
234-23,23,29.124.87.254,2023-02-24T20:38:17Z,92dfb84f-ad06-413e-b08e-678492bd1626,265
234-23,23,193.120.137.127,2023-03-07T06:15:37Z,3176b434-1f9e-433a-b417-17ee3f3a7afc,266
234-23,23,158.110.176.225,2023-02-20T23:29:49Z,ee81275d-6823-44c0-b75e-6ccbc4407c78,267
234-23,23,108.10.36.116,2023-03-10T22:20:37Z,e773b325-1842-492c-8b2d-84165333f96d,268
234-23,23,127.112.211.133,2023-02-16T02:09:29Z,ff946be0-9663-4627-bd95-d9852d4b137a,269
234-23,23,64.46.108.189,2023-03-12T20:38:14Z,d1adb05e-73d1-4678-a6ac-14fbec751377,270
234-23,23,167.191.185.252,2023-03-11T17:06:24Z,e4f8ce29-246c-4c81-b32e-c605afee5241,271
234-23,23,169.123.200.239,2023-02-22T06:24:13Z,d2975a17-0a29-4b8d-adf2-e8d31fb7cd24,272
234-23,23,178.12.60.247,2023-03-05T05:01:52Z,af943b02-10ab-47c5-a1d4-bab5376b4433,273
234-23,23,243.113.18.250,2023-02-17T02:43:16Z,2f69b1f8-20c3-4c95-9402-5896d07628c5,274
234-23,23,151.116.13.128,2023-02-20T14:28:27Z,a03e8de2-24ee-4c18-80ac-f45069a1dcae,275
234-23,23,50.111.235.171,2023-02-18T03:56:26Z,6e7acbc7-ccd5-4c9d-bcf6-325b58252486,276
234-23,23,113.229.68.194,2023-03-05T17:50:24Z,f2ac9459-13c8-4e4f-8634-bd68b4e0cb19,277
234-23,23,154.209.134.32,2023-02-22T23:59:06Z,2cdfac34-49f9-4e86-9356-1c56d4f4b35b,278
234-23,23,251.225.157.20,2023-02-16T10:56:57Z,ab32e0b7-6180-4d28-b895-37a47e853a06,279
234-23,23,192.89.140.159,2023-03-13T14:51:37Z,5009b57b-1dd8-4075-bdf5-bc1f5a2b44b3,280
234-23,23,139.36.157.166,2023-03-07T13:15:01Z,733af01c-0a8e-42c4-bb63-1e6cd56365cb,281
234-23,23,125.189.106.125,2023-02-21T10:20:01Z,7db27bae-4c61-48f1-ade8-8237e1fe37f5,282
234-23,23,94.143.192.49,2023-03-12T11:37:19Z,01034b53-a32c-4540-af76-ae9c528307e9,283
234-23,23,208.218.184.240,2023-02-14T21:13:38Z,5b436fba-bfd3-4bbf-8c57-d2701d7ba6b6,284
234-23,23,25.47.105.250,2023-02-19T13:23:50Z,a0c6638f-83ff-40c8-9e26-ceae576a86a8,285
234-23,23,142.60.219.205,2023-03-09T08:32:18Z,0f0860c5-d443-4918-a35b-cdae184ee877,286
234-23,23,114.52.47.254,2023-03-07T18:51:19Z,70c0ed56-4306-4ae1-8128-4a8d6192067a,287
234-23,23,252.168.182.173,2023-02-14T15:13:33Z,48df30b4-a5ae-4973-8f43-8eac2fbcaa54,288
234-23,23,60.76.15.249,2023-03-09T11:05:40Z,294d8476-4195-4923-87ac-7a90a4942813,289
234-23,23,116.198.139.45,2023-02-14T12:32:31Z,d25188cb-0803-464e-b587-e49d8ec73377,290
234-23,23,110.36.77.247,2023-03-01T17:07:15Z,7a90470b-eba7-45dd-9d94-1bdf1bdd9126,291
234-23,23,128.75.20.31,2023-03-12T00:49:42Z,e980d74c-8a4f-4f12-bbd0-e440ad636e4b,292
234-23,23,214.171.205.220,2023-02-15T16:15:39Z,9342c950-cbc0-4a72-9ae0-3acf42d01c1a,293
234-23,23,78.36.84.116,2023-02-22T09:21:47Z,a7c15ff8-98bd-4347-b56d-2ce3d80b0c66,294
234-23,23,235.141.115.242,2023-03-10T01:57:08Z,524bbabe-e9cb-4056-b5a1-fdcf0b9b5b4e,295
234-23,23,154.145.124.208,2023-02-24T20:29:41Z,3a5050e5-b623-43eb-b1ba-674ddad1a684,296
234-23,23,229.202.34.241,2023-02-22T13:26:14Z,b0dd27ff-dc74-49f3-a2e7-5e1ddf630726,297
234-23,23,63.172.222.211,2023-02-16T12:03:54Z,615e8a3a-428a-42ec-9f72-967b3041fc7d,298
234-23,23,223.129.230.151,2023-03-05T12:03:37Z,93e8deb1-5437-4c3f-a1d7-3d464e399f67,299
234-23,23,62.246.200.150,2023-03-13T08:01:01Z,058193f4-392b-4348-9e29-5189e2b1b8fb,300
234-23,23,30.181.83.223,2023-02-18T09:03:45Z,56c72721-509f-4d60-812a-66e20d96d46f,301
234-23,23,227.152.39.164,2023-02-22T16:25:20Z,bd538af8-ab46-4a2e-bae1-490803c7d785,302
234-23,23,151.201.75.113,2023-03-07T02:40:20Z,b48484d1-e602-4014-9d83-b26e765c387b,303
234-23,23,184.48.191.36,2023-02-20T21:44:44Z,db1d8de9-b4a9-4ac4-8e66-e16740faa8d9,304
234-23,23,17.130.1.0,2023-02-16T09:35:44Z,20dd9559-9acf-4ed6-97a6-bea1eaba4e24,305
234-23,23,69.217.83.43,2023-03-08T15:41:19Z,06e78678-3b40-4c8a-93c8-1958e0e88872,306
234-23,23,96.138.4.168,2023-02-17T07:06:28Z,136a1cbd-4718-430d-b09c-1b4ea7371944,307
234-23,23,88.116.227.90,2023-03-01T03:54:37Z,d47b159a-cd15-4cdf-9088-7e9936b9df17,308
234-23,23,219.196.216.179,2023-03-08T12:56:29Z,84befe63-6895-4f13-b922-044ce50e2856,309
234-23,23,229.25.202.150,2023-03-10T23:19:25Z,2b71def7-4ea9-4dcc-b4a0-0789e34ab151,310
234-23,23,92.69.226.196,2023-03-01T06:19:46Z,5ddaf708-9d47-4ce1-aa84-f472f318b044,311
234-23,23,201.119.120.176,2023-02-20T20:32:54Z,3f7839a3-cbe4-4521-9dbf-cbf948d1db31,312
234-23,23,96.23.140.246,2023-03-13T08:41:19Z,0ecc9308-38df-465d-a7f2-8a2b799fd466,313
234-23,23,32.37.183.161,2023-02-24T05:33:13Z,bd3b417f-a566-4d8b-9055-19913fd72181,314
234-23,23,156.204.186.94,2023-02-23T09:29:45Z,6b4e30cf-7c2a-4279-a5dc-c2a33bbf66d0,315
234-23,23,200.251.123.196,2023-03-10T17:37:00Z,115e5227-1082-47d2-b483-b44d79fc0a7b,316
234-23,23,171.121.215.201,2023-03-03T02:50:04Z,c02151d0-7276-4d36-8b62-50072b044afa,317
234-23,23,106.216.72.115,2023-03-10T14:08:11Z,e3d41b31-1237-4a4a-94dd-61bc7fd5edda,318
234-23,23,242.169.121.97,2023-03-04T21:17:52Z,7e0fd899-2a4d-4e59-a3e9-6d6e9ff611b2,319
234-23,23,235.21.189.126,2023-02-18T12:59:38Z,a9242769-8b03-414d-90bc-bee509413cc3,320
234-23,23,58.111.108.142,2023-03-04T18:54:40Z,2524e4b1-4339-43c5-b06d-8fa87d25b54e,321
234-23,23,88.66.146.173,2023-03-04T02:08:27Z,43eed5ad-d146-40ec-a2e6-14f08d11f055,322
234-23,23,118.28.15.96,2023-02-24T23:33:27Z,29c7208b-be9b-49bf-b6ca-e22da6006d04,323
234-23,23,119.205.228.84,2023-03-01T17:50:22Z,b93d04e6-d8c5-44ce-b4fb-31a405d6a055,324
234-23,23,19.156.40.55,2023-02-14T03:29:11Z,6b98d7be-ff7a-4cb0-aacf-5eaad21e15ce,325
234-23,23,37.75.76.94,2023-03-10T17:36:16Z,d557e914-725b-423b-8544-423da89c1189,326
234-23,23,14.186.178.103,2023-02-26T06:49:45Z,feca6b3f-74c9-4467-b758-71b2f2965e6a,327
234-23,23,190.205.122.14,2023-02-23T15:17:03Z,bd05faab-a6a4-4919-887d-dcce7a2b22e1,328
234-23,23,171.71.46.181,2023-02-22T22:39:05Z,a9dcdf68-0f8e-41d0-bff4-abf01f83af5d,329
234-23,23,54.43.218.155,2023-02-25T14:28:05Z,a8b0a3e2-cacf-451d-8b30-9bd0a600a8f1,330
234-23,23,145.110.152.227,2023-03-11T06:41:40Z,72ea83b9-f0d6-4408-987d-db6fa24e3310,331
234-23,23,184.100.255.9,2023-02-15T18:59:14Z,81c46f1b-6206-495f-84bf-4d741b848704,332
234-23,23,4.28.9.214,2023-02-20T04:28:41Z,525c71c7-1df0-416e-9999-7a3a8ff4ad0a,333
234-23,23,58.48.195.33,2023-02-18T13:36:55Z,507d2759-b79f-42c8-bbdd-752bdda4fac0,334
234-23,23,217.165.194.149,2023-03-10T17:30:16Z,62b8ca2d-96ae-44f7-9ee3-9b97a5c88438,335
234-23,23,220.84.17.138,2023-02-24T09:37:48Z,38984e54-cad8-47bd-b694-f2dbfafcea20,336
234-23,23,161.119.218.4,2023-03-10T14:53:41Z,9488accb-8526-4b4e-8172-2eab8ae94476,337
234-23,23,15.202.219.105,2023-03-01T05:36:04Z,1a7b0aea-fc17-4dc7-950b-db1acd418d3f,338
234-23,23,31.69.33.251,2023-03-04T07:27:26Z,a646eee6-99ac-4056-920e-bbcb4da647ad,339
234-23,23,200.11.194.152,2023-03-12T18:20:56Z,9c2d808e-28e8-4bec-9275-92235d95d5a4,340
234-23,23,245.163.62.95,2023-02-28T19:28:57Z,55737250-25f1-4193-b56f-43d7b19cedd8,341
234-23,23,96.156.211.163,2023-02-19T13:47:48Z,a3f0acb7-d37b-4cd4-9490-95437923a08c,342
234-23,23,21.136.100.184,2023-02-21T02:53:19Z,d2c9aace-fff5-4b4d-b96d-1e5c3840d443,343
234-23,23,109.115.150.36,2023-02-25T17:26:35Z,abddd340-42db-42c4-a7d9-e736ad5dbe94,344
234-23,23,194.175.141.255,2023-03-05T23:41:17Z,718b223d-8ae3-4396-a763-b0bc739aa59c,345
234-23,23,192.179.52.208,2023-03-12T07:29:06Z,52a9bf1f-9b11-4c97-9b92-36de8fd43d1e,346
234-23,23,137.15.5.167,2023-03-10T11:23:36Z,7a1152f3-6803-4b03-af9b-fba57c32c4ee,347
234-23,23,175.32.52.81,2023-02-19T13:47:31Z,f81e5a4a-56b7-4046-b27b-13738b4cad35,348
234-23,23,82.16.61.16,2023-02-27T15:09:38Z,631bbcf1-c402-4675-b82f-817d75025f74,349
234-23,23,247.65.227.249,2023-02-28T18:48:24Z,1c3eaf86-7614-443c-905f-5581516bbf9a,350
234-23,23,209.71.224.75,2023-03-07T12:03:15Z,9e4e3074-4827-4d70-83e9-0a3e84097851,351
234-23,23,185.6.3.101,2023-03-10T16:31:01Z,56b59257-f890-4b60-ae5f-caff851358f7,352
234-23,23,223.219.200.200,2023-03-12T12:04:50Z,36c75ea5-2b2e-4b89-8815-7fc514db5a23,353
234-23,23,61.204.46.40,2023-03-04T17:08:56Z,ce04f48b-6611-4330-8db5-1081cf7c0ea5,354
234-23,23,65.195.71.40,2023-03-08T12:43:34Z,68f9133b-eba1-45b8-b513-28154bed1ae3,355
234-23,23,72.148.13.110,2023-03-06T08:27:30Z,a44d0239-f748-46ff-88e0-d08ad9408d0f,356
234-23,23,106.44.250.125,2023-03-02T16:37:16Z,c983d5a8-5548-467c-9ce6-dd4aa2408eac,357
234-23,23,129.37.152.220,2023-03-10T13:02:08Z,9e919aca-25cf-4cb9-b371-5da16173d2a4,358
234-23,23,238.123.75.225,2023-02-26T00:15:18Z,06139e5a-7a9e-45bd-92dd-ee9f0dacfc86,359
234-23,23,112.22.45.48,2023-02-27T23:39:17Z,ba12123d-749f-4644-8377-d1f34568fe28,360
234-23,23,151.127.63.34,2023-02-14T01:48:11Z,b484adce-d6ad-4d4e-beb4-73463d753c0e,361
234-23,23,190.95.140.147,2023-03-07T15:10:13Z,d03698c3-bb01-4b34-a81f-ed241777249a,362
234-23,23,189.111.188.187,2023-02-15T21:37:04Z,79e04709-74ff-41dc-acbb-a0891792c381,363
234-23,23,90.193.214.38,2023-03-09T20:27:20Z,835a9165-9fa3-4605-b562-690d8a5af508,364
234-23,23,179.237.157.104,2023-02-24T17:06:13Z,bebc0ae0-159c-4ff5-a660-82759cb7c5b9,365
234-23,23,74.183.45.76,2023-03-07T09:53:09Z,83d708df-7db7-48cd-8dae-11253b9383e0,366
234-23,23,205.114.51.190,2023-02-28T15:39:44Z,7ae69599-1786-4f31-a731-cbd8e4a9b8fb,367
234-23,23,197.101.35.96,2023-03-08T14:59:06Z,57ffb9a5-a797-4ae1-8581-8a07417e8656,368
234-23,23,163.203.127.67,2023-02-20T18:52:03Z,df8becf9-9dc3-4281-8835-f331e84828f9,369
234-23,23,136.208.131.3,2023-02-21T08:52:58Z,12d25b2b-cf4f-4757-bf19-e940c0b1f199,370
234-23,23,130.251.247.124,2023-02-26T04:04:00Z,391feabd-30e0-44a3-8136-4d5e4e246e52,371
234-23,23,242.190.254.67,2023-03-09T12:00:54Z,fe187409-2a5a-4909-8c4c-d6455a11a66f,372
234-23,23,113.198.209.207,2023-03-08T01:29:06Z,78a59a21-a8a2-448f-b134-f4a62d7c4121,373
234-23,23,35.111.73.137,2023-02-21T18:54:43Z,c83ba372-1226-4c24-8985-e79df947f5a9,374
234-23,23,114.229.149.28,2023-03-08T03:55:07Z,9add118d-0838-44c7-9e79-93d287f4f23f,375
234-23,23,132.207.19.172,2023-03-05T20:19:01Z,c8a19718-b239-4b64-b504-e49fd7481def,376
234-23,23,95.107.110.234,2023-02-17T16:21:52Z,53daf573-5f87-48bd-b3b1-7db6ae0f1a9c,377
234-23,23,77.154.82.203,2023-02-17T16:10:55Z,63d23259-81ef-4eeb-a5fb-0a2c620e40d6,378
234-23,23,189.213.70.85,2023-03-07T01:11:44Z,4ac7cb09-41ad-40ec-8bee-deb74f317089,379
234-23,23,98.223.213.208,2023-02-28T19:01:43Z,ee241493-3c39-4f6f-992d-04c00bf8b2c5,380
234-23,23,40.76.126.249,2023-03-05T11:41:55Z,3bb5fe91-1ba2-45f8-95c8-701c732f4ccd,381
234-23,23,172.131.29.215,2023-02-25T05:28:30Z,58199766-97fd-4ebc-9603-e3bcad72a747,382
234-23,23,103.64.159.136,2023-03-13T18:02:13Z,2e7af64d-0645-4c1e-874a-80baf4737799,383
234-23,23,31.167.134.48,2023-02-17T01:19:29Z,64b17312-9042-400f-96b3-3a436b7e9d79,384
234-23,23,236.125.134.184,2023-02-25T10:59:09Z,014a8990-7d02-4222-96d5-6e6fd5d2f4e9,385
234-23,23,195.136.231.158,2023-03-10T22:17:35Z,d012c81c-f35f-4d42-ab65-9ecf8e2b5382,386
234-23,23,194.235.173.114,2023-03-12T00:57:00Z,e0298871-3c8d-4ae9-a1fd-9e9e3322e869,387
234-23,23,239.229.181.92,2023-03-10T14:21:42Z,05d1e839-91e8-4db9-a979-dedd8dc884b5,388
234-23,23,8.8.23.54,2023-03-08T02:38:49Z,ec7ba872-8023-478c-b62e-2a5006ce7832,389
234-23,23,117.142.214.95,2023-03-08T02:36:10Z,0680b5f4-96ab-4ca9-b627-9662c5d8784f,390
234-23,23,154.111.102.47,2023-03-10T23:28:54Z,5b8a3249-9bd2-4a96-9c56-9e456d1ca4aa,391
234-23,23,104.164.116.210,2023-02-28T17:51:31Z,770be221-0a8c-43f0-ad06-bbd0c2876088,392
234-23,23,19.152.115.180,2023-03-05T20:34:34Z,78aeec04-be11-4bbb-b711-896a2987d937,393
234-23,23,249.149.1.164,2023-02-14T08:36:01Z,b79f36d7-9590-4184-97e2-c189742cf6a0,394
234-23,23,221.198.140.39,2023-02-20T20:13:37Z,e3759bf0-6ed1-40ae-971c-94410ba9ac4f,395
234-23,23,254.79.101.86,2023-03-04T13:34:09Z,cbd0cfa9-4c97-40a2-8c0b-615d39b1da82,396
234-23,23,173.206.107.182,2023-02-21T09:22:43Z,77ebc324-a7c3-4278-a39d-36b22129010b,397
234-23,23,211.125.128.77,2023-03-12T10:13:11Z,acfe1816-a3c6-484b-a599-5463f6bf5c98,398
234-23,23,204.214.17.82,2023-02-14T21:04:51Z,3e5b1d29-8e36-4b1a-95d1-e923b3735771,399
234-23,23,222.174.128.194,2023-02-18T15:35:55Z,51383148-e4b6-459d-8b1c-373887cdac2d,400
234-23,23,148.196.18.222,2023-03-07T22:42:48Z,11596ebc-e95a-4063-bc1a-a940535c5cf4,401
234-23,23,248.88.55.93,2023-03-12T14:23:46Z,0e2675b9-d1c1-42df-843b-62096171b075,402
234-23,23,178.56.165.70,2023-03-11T06:40:24Z,99e6e63d-ab0f-4764-baa0-0d38026b2e14,403
234-23,23,95.106.236.46,2023-03-09T23:39:36Z,44d6d480-056f-4e56-9d56-595980720673,404
234-23,23,48.224.111.158,2023-02-20T19:23:58Z,ed7e2c35-1620-4fca-a8a4-d83bc6d4452d,405
234-23,23,135.239.72.53,2023-02-15T18:30:12Z,6bda36b1-5cc0-4b9c-b654-1d9f7931c532,406
234-23,23,54.145.65.176,2023-02-18T20:03:44Z,3ae277d1-308c-420b-96f7-27c4cb02ea12,407
234-23,23,12.254.218.80,2023-02-18T22:55:26Z,8b9dd385-1a78-477f-a033-774764e0d38e,408
234-23,23,123.81.27.159,2023-02-14T14:03:59Z,1fe4c36c-add8-4751-9469-7f15c386ca05,409
234-23,23,186.202.5.72,2023-02-25T22:02:29Z,caeea3c0-ee43-4976-a152-65d6985ca4c8,410
234-23,23,94.97.0.250,2023-02-23T05:06:47Z,c58138a5-d5f9-4dfc-9ab2-2e5f51a46622,411
234-23,23,213.29.22.187,2023-03-06T12:34:16Z,cef0b9ce-f5d1-458e-b8ab-919856ea6cd5,412
234-23,23,38.107.104.95,2023-02-19T19:59:33Z,74bf1b5f-1006-4473-af0a-ddc4c24f8f54,413
234-23,23,179.166.97.147,2023-03-05T07:08:39Z,815898c4-1e21-4012-a753-504c1e2a0964,414
234-23,23,167.215.241.69,2023-02-18T13:59:21Z,f66d2699-1481-482b-a792-95829ac15794,415
234-23,23,113.1.89.5,2023-03-13T15:44:05Z,cb396be4-00c7-4406-9be4-e865469dbbfd,416
234-23,23,198.211.44.148,2023-02-28T08:26:49Z,2915bc2c-4cd0-4ac7-a913-feeb5709f6b3,417
234-23,23,164.235.107.27,2023-03-08T22:02:14Z,945e1442-b5d9-4279-bb99-a224991b1609,418
234-23,23,187.151.199.42,2023-03-13T08:51:06Z,12ae379d-9ac0-4136-8e3d-d621bededc10,419
234-23,23,165.108.116.105,2023-02-27T14:51:03Z,602ebb4f-54d3-461b-a4e2-40b285576653,420
234-23,23,239.8.22.126,2023-02-26T15:02:20Z,14cc3684-b060-4bc7-ac9a-0c552b6f4e9c,421
234-23,23,70.19.85.72,2023-03-01T20:00:23Z,3ef05733-307c-43a4-95fc-a2cfc5ad6414,422
234-23,23,97.8.33.172,2023-03-04T16:36:28Z,4f269fab-0916-4fd6-9457-f6f1f8a70f93,423
234-23,23,45.6.191.103,2023-03-05T09:57:00Z,7c1343ae-a27c-4ffa-9836-46465daa4114,424
234-23,23,221.59.38.230,2023-03-13T19:04:17Z,da137cc3-687a-445b-a0fc-9eb14f918d0d,425
234-23,23,125.141.30.186,2023-03-07T09:47:18Z,19af3518-6d04-4c2b-b9c3-64d2f3cc6ee6,426
234-23,23,68.179.233.19,2023-02-26T05:36:55Z,bf748400-44dc-4612-8d69-0b639c1fb1bb,427
234-23,23,242.67.136.86,2023-02-17T20:05:54Z,2cf6b73c-67f9-4b17-ab2e-b91c43b14ada,428
234-23,23,228.17.53.16,2023-03-05T14:19:13Z,139cd0f2-fba7-4f80-8db4-437e3b171437,429
234-23,23,183.203.123.253,2023-02-18T18:12:06Z,3e5f58be-ed7c-46d9-9696-39499d8f02c4,430
234-23,23,229.101.90.115,2023-02-28T10:08:12Z,dd517b12-321b-4e14-9eef-9447add661d5,431
234-23,23,169.51.127.70,2023-03-07T08:53:00Z,9cfcae76-b8c8-48e2-ad04-e016c5866bf5,432
234-23,23,183.39.40.95,2023-02-24T01:10:18Z,81bcf351-bd1b-4169-ae00-7832013f60bd,433
234-23,23,13.150.36.234,2023-03-09T07:00:56Z,51948a70-37ae-4ccb-9737-b55134c81f89,434
234-23,23,71.158.121.209,2023-02-23T13:35:35Z,883ebddc-f08e-40b5-b975-01ec9a2c73a1,435
234-23,23,121.65.23.209,2023-03-09T18:07:48Z,424b5268-2ed2-4cb3-864e-6b4825882799,436
234-23,23,163.108.119.101,2023-03-04T03:54:04Z,51f52db3-9f43-4372-acf6-6c412774c0c0,437
234-23,23,88.200.171.22,2023-02-24T07:35:35Z,f7364573-6133-402b-b3a2-09f91dfd4a94,438
234-23,23,148.239.126.96,2023-03-11T23:48:19Z,e7f29334-1317-4eeb-ad53-2ed15a98ac18,439
234-23,23,54.161.167.39,2023-02-24T21:02:52Z,7fc83269-235f-47e2-8689-4f8e80dd043e,440
234-23,23,56.168.109.37,2023-02-20T20:02:10Z,3d251718-0312-41c9-9a1f-7d06fe4c444d,441
234-23,23,20.15.250.28,2023-02-15T01:53:10Z,53963031-dcc7-4a3a-a8f6-667bfe16263d,442
234-23,23,136.79.81.15,2023-02-22T06:18:32Z,3c84a68a-1803-458b-bdf1-3f7dde028f0f,443
234-23,23,37.243.164.95,2023-02-28T22:20:20Z,3a8dc3b4-1e9d-45ce-b8d0-4fc896eeb601,444
234-23,23,53.57.183.64,2023-03-06T10:22:11Z,1f12c524-560f-46ef-b631-6411b3274e85,445
234-23,23,16.81.200.51,2023-02-23T10:23:00Z,2c3823fe-c316-4899-8bb4-d3dd99f03aad,446
234-23,23,121.47.164.180,2023-02-25T08:40:28Z,bb352165-93f6-4dc8-b448-6cbf02edbe84,447
234-23,23,8.182.141.180,2023-02-20T02:46:03Z,d48508f9-ec04-4ae2-b041-934175af5de4,448
234-23,23,148.175.129.155,2023-03-06T15:38:56Z,c27271bc-4aeb-4302-9908-833f45025b52,449
234-23,23,82.250.66.122,2023-02-22T11:23:50Z,2ba53ac0-5450-421f-b321-ffc594c4bff7,450
234-23,23,71.46.165.38,2023-03-03T16:23:07Z,5c0f5e0a-b02e-4645-b589-1e7b3acb0f24,451
234-23,23,91.220.172.38,2023-03-11T02:57:53Z,c0116b91-7c3d-4bf7-8af9-bde71d528c20,452
234-23,23,124.182.116.2,2023-02-23T09:21:17Z,a476a580-45f0-4f24-b0e5-3055ab17e498,453
234-23,23,168.239.219.4,2023-03-03T13:45:52Z,c125c6cd-9ed8-47d1-8c58-0ec62fa87135,454
234-23,23,164.208.221.189,2023-02-15T14:41:26Z,8338f565-5f93-47d2-9e0e-c01007f879d7,455
234-23,23,72.76.70.9,2023-02-24T01:18:43Z,fcb9c7fd-29e2-47a2-896b-dcd0047c2df4,456
234-23,23,65.164.118.110,2023-03-02T23:03:20Z,2685ba5d-0201-4415-aec6-c62480fb1267,457
234-23,23,31.226.80.47,2023-02-20T14:47:43Z,4221a954-7918-4da2-9c7a-54090b776124,458
234-23,23,182.89.184.251,2023-02-25T08:19:58Z,b940c5fd-71b6-4a6a-b6a3-5d66cabc95ac,459
234-23,23,56.95.114.224,2023-03-06T18:47:39Z,75e59f16-cae5-4854-93e5-66975374cca4,460
234-23,23,167.74.59.5,2023-02-28T21:22:10Z,a5703b6b-ebff-4180-b087-f8ca8b2291b2,461
234-23,23,36.109.64.197,2023-02-24T05:24:35Z,c340058c-b304-4bf2-8d9f-940265e0b157,462
234-23,23,135.177.96.198,2023-03-03T19:57:24Z,66ba64fc-6072-4f9a-9749-dafc5b624432,463
234-23,23,158.126.154.160,2023-02-19T15:00:02Z,5638a6ea-9baa-4f67-bcd5-640d75c82a80,464
234-23,23,89.51.165.109,2023-03-10T06:07:21Z,19859345-3874-4990-a755-2b43fc4ff333,465
234-23,23,34.157.18.229,2023-03-01T22:34:11Z,73be5c8e-040f-4f50-a628-a4d69baf2e4a,466
234-23,23,154.169.100.173,2023-03-13T19:13:50Z,92e48be7-db13-4200-81d4-3fe1f22b68b5,467
234-23,23,236.173.202.110,2023-02-23T02:19:58Z,9eda1fbb-5c76-47d6-888d-d6b57cf33b9b,468
234-23,23,15.189.101.12,2023-02-28T20:20:42Z,d47b8f16-06b8-4fdd-955f-1952c0e8c416,469
234-23,23,1.65.239.107,2023-02-16T01:11:14Z,8c23b47d-1ee4-4f78-96f1-142bcdbd18de,470
234-23,23,85.147.150.3,2023-03-10T06:49:14Z,7b71094c-4fcf-4f37-97ec-6e849ac76246,471
234-23,23,235.203.42.104,2023-02-22T02:19:55Z,d98c7d64-bd52-4daa-bb1e-3143ec833e8a,472
234-23,23,9.191.167.195,2023-02-24T14:38:52Z,0a3fd845-7aa9-499a-8796-bacc741310b2,473
234-23,23,254.93.198.182,2023-03-02T15:23:24Z,8db6369a-582e-4141-8be5-cb6ffff1a668,474
234-23,23,243.216.172.71,2023-03-12T04:59:04Z,aa883ca4-3834-48a4-a3f8-4f817fe0a486,475
234-23,23,44.54.97.71,2023-03-11T03:08:36Z,a488165d-f37e-4298-b2b1-78a4ee52999f,476
234-23,23,162.114.146.247,2023-02-22T05:30:51Z,29b15708-c93c-443b-957e-05a5cab3c993,477
234-23,23,37.119.66.221,2023-03-09T21:43:39Z,236b4bee-6180-44f3-b3b1-c23f46a611f0,478
234-23,23,248.162.214.56,2023-02-17T12:26:23Z,d9d4677a-6e4c-468e-86a0-79c2b1127d1a,479
234-23,23,55.165.112.13,2023-03-11T15:25:01Z,0f1a5d78-7307-4d87-80a2-e905501e5418,480
234-23,23,104.174.35.153,2023-03-05T22:40:19Z,d38a06ec-3f7a-475f-a34d-de477b90f174,481
234-23,23,78.248.133.108,2023-02-20T21:34:36Z,5929c8a7-b56f-4e4a-b4aa-a68425c98564,482
234-23,23,118.133.174.215,2023-03-10T16:58:42Z,26b57cf9-dfce-45b7-b828-7577270e4cb8,483
234-23,23,74.178.54.54,2023-03-01T07:52:51Z,a91af720-a744-4cee-aa74-13781bfd1152,484
234-23,23,239.246.149.40,2023-03-12T16:21:54Z,9b3541e5-2aec-4211-adb6-6556d3aec0f9,485
234-23,23,163.227.236.252,2023-02-21T13:40:40Z,a87e25bd-2667-4e9b-a2b8-10b05e558049,486
234-23,23,18.112.105.86,2023-02-14T10:12:01Z,95af023a-4340-4299-8994-7d9c6871cc9a,487
234-23,23,224.253.240.236,2023-02-28T01:50:03Z,93cac3cc-bb73-4901-acee-6a5327501875,488
234-23,23,139.18.196.246,2023-03-08T00:23:27Z,df5eb2af-fb30-42fb-806a-7bf202e6210e,489
234-23,23,202.84.147.21,2023-03-09T03:05:13Z,63c9349a-5114-49d6-bfa5-1cf45e1d83be,490
234-23,23,245.11.6.129,2023-02-27T18:43:37Z,8e6625d8-3208-4c95-ad89-15904deec661,491
234-23,23,154.105.121.85,2023-03-03T21:19:43Z,d9f56856-ee00-4ea4-81ba-f5873148fd6c,492
234-23,23,59.231.111.155,2023-03-05T18:29:23Z,7902a455-96ea-4786-9b4a-d5a4b9917357,493
234-23,23,81.132.95.31,2023-03-12T16:49:27Z,540a4908-6565-4a2a-a9fe-90d2d4722a63,494
234-23,23,225.142.3.231,2023-03-08T16:38:53Z,1ef42be9-33f0-46df-b1cb-66183415e905,495
234-23,23,41.178.213.176,2023-02-15T13:28:49Z,76643d0a-653d-43a0-9998-32530dc4c760,496
234-23,23,191.153.168.133,2023-03-13T16:11:08Z,cf2d9410-45aa-4019-b3ce-8a8d24c0428b,497
234-23,23,99.127.96.9,2023-02-25T19:53:36Z,44474ad9-cf52-4483-87a1-bb40e736c365,498
234-23,23,150.68.124.115,2023-03-03T02:20:10Z,332ea450-14fe-47e5-9e37-c13751449b10,499
234-23,23,242.33.179.158,2023-02-27T21:22:58Z,8357c686-814c-4649-a572-249bc28439a3,500
234-23,23,218.173.92.182,2023-02-22T19:43:18Z,e4192d97-92fe-4115-a562-587bcdd33ad1,501
234-23,23,176.165.250.223,2023-02-22T04:25:26Z,fab99f62-e2b4-4c20-b776-3635e28d96ff,502
234-23,23,88.220.148.83,2023-02-27T14:38:38Z,20f2140d-ccfe-46b0-ab14-ce2f77906193,503
234-23,23,205.40.166.190,2023-02-14T21:36:52Z,526991d0-5c3e-4988-9754-b2bc682fc96a,504
234-23,23,180.159.53.91,2023-02-24T20:17:12Z,1cc128d0-e35d-45bf-bfec-ac79aebecbe2,505
234-23,23,70.94.162.63,2023-02-18T20:31:27Z,6761cc5a-27c6-4059-8a4d-41bc76e07497,506
234-23,23,136.137.154.71,2023-03-13T05:21:07Z,04dce249-1be2-41ce-955b-191210cb0fb3,507
234-23,23,49.199.18.74,2023-02-27T21:16:34Z,417bf249-ecf2-4915-95ae-d59a864aa596,508
234-23,23,231.240.3.215,2023-02-22T11:44:28Z,d40a8978-a491-4baa-9ff0-81e651dc0f24,509
234-23,23,23.156.170.136,2023-02-25T00:22:14Z,0e2e5cfd-0311-4020-acb4-eb9387394e9b,510
234-23,23,73.73.108.115,2023-03-13T15:44:24Z,b462fc94-481b-4cc5-bbca-56c4fe6ca7f2,511
234-23,23,42.144.126.57,2023-03-08T19:36:00Z,a0a78e57-102e-4b60-8e9f-5ced896144bc,512
234-23,23,164.39.34.122,2023-03-01T20:30:32Z,ffea62fe-20ec-4276-9762-64fb0169cd80,513
234-23,23,198.81.87.194,2023-03-05T18:00:18Z,6c1a053b-bfe2-41e0-94be-615e6ed5ffc5,514
234-23,23,93.60.201.77,2023-02-17T04:38:16Z,c2eb36f8-6abc-4d24-a198-2fa44cd09daf,515
234-23,23,247.34.164.112,2023-02-14T02:21:28Z,03881e30-d891-4111-b7d2-83bd8cd56fe6,516
234-23,23,110.134.250.157,2023-02-15T11:40:20Z,dc3e7b64-e7ae-47d1-aeb7-a974442f519e,517
234-23,23,233.46.242.155,2023-02-22T03:03:53Z,0bc03564-bf38-4078-ba89-7ef70c38977d,518
234-23,23,94.220.126.219,2023-02-25T01:06:22Z,413a0d3f-d083-4a29-8b9c-a5945a042ae5,519
234-23,23,224.110.150.146,2023-03-12T23:37:48Z,72b34319-503f-4649-941b-bc71ba32e4a0,520
234-23,23,250.154.159.196,2023-02-25T03:05:43Z,8aae0659-62b6-47be-81a0-3c9ac633b606,521
234-23,23,117.109.7.249,2023-03-11T22:59:43Z,a3127610-82fa-441c-88ff-fcfde6b5e11c,522
234-23,23,153.10.67.196,2023-02-23T09:16:31Z,89305342-eff2-4c1b-84d0-83668f9f79c3,523
234-23,23,90.154.170.248,2023-03-09T10:03:12Z,de6fc97c-fad6-4d28-9f64-ddfa81ad91c9,524
234-23,23,180.66.124.111,2023-02-24T12:51:31Z,b6eb64a0-0b21-452e-a2d9-91fc7ea137ed,525
234-23,23,119.107.236.253,2023-02-27T11:36:10Z,85b87fd0-2a7f-4ee1-9f33-a72b42dc7f77,526
234-23,23,163.44.251.51,2023-02-22T23:12:05Z,4bce9ebe-3a32-482a-9f5f-17d66d540372,527
234-23,23,207.34.233.183,2023-03-04T11:44:29Z,5a4abdf2-aa82-47fc-957d-fd9474893b56,528
234-23,23,21.213.90.139,2023-02-16T22:44:42Z,10a6533f-faa0-4152-b23d-256f3350cba2,529
234-23,23,103.201.22.6,2023-03-08T06:47:15Z,53d75a61-74b3-4005-95d8-94f210088e1a,530
234-23,23,0.99.79.17,2023-03-10T02:59:08Z,3b61f666-d3f7-4f43-80e7-ada159f48978,531
234-23,23,86.120.44.89,2023-02-15T05:04:50Z,1390e754-30b1-4ab4-926d-8ee8dce70140,532
234-23,23,21.74.136.253,2023-02-26T00:12:51Z,b665d75b-825c-4e1d-aba2-d0794556f1cc,533
234-23,23,59.89.148.47,2023-03-03T16:13:54Z,dfa24070-5fe5-48c8-be37-94edf6eda845,534
234-23,23,12.228.250.90,2023-03-09T14:00:37Z,b953abc7-5ef4-4fb0-b89d-342991b2058f,535
234-23,23,47.145.130.228,2023-02-18T19:21:12Z,fa1abb11-a569-4cd5-a477-b27975fd8891,536
234-23,23,51.199.28.219,2023-02-22T02:01:46Z,4c085f99-d05d-4405-a0db-059314e201ff,537
234-23,23,195.122.246.204,2023-02-24T15:41:24Z,7d4ec379-af9a-4e8b-96a3-e260a4b64f94,538
234-23,23,49.62.138.144,2023-03-07T02:05:54Z,0c3ae4ff-bbeb-470c-a367-993b1b038e3c,539
234-23,23,109.56.194.162,2023-02-28T10:48:03Z,1fe4633d-5cb0-4e3a-98d1-4ebc1db4a4d3,540
234-23,23,221.173.69.47,2023-02-16T20:51:30Z,be1080dd-f7af-4673-ac6f-516fd2a48150,541
234-23,23,103.248.137.51,2023-03-05T11:05:15Z,5889b65d-42b1-4398-8989-722b967a9f56,542
234-23,23,34.235.103.55,2023-03-03T05:37:13Z,6b5813b3-3461-4e56-8288-f06464230e6b,543
234-23,23,231.197.239.161,2023-03-02T17:49:46Z,0acd7255-368b-493e-b6e3-cd59ca5acbd2,544
234-23,23,228.172.138.11,2023-03-10T01:56:01Z,734f605a-01db-44e8-b72a-1cbd06e58d9c,545
234-23,23,19.67.232.106,2023-03-11T19:32:18Z,5f2538fb-c40c-4a20-81e3-35878163cac4,546
234-23,23,70.189.200.73,2023-02-14T21:39:59Z,4ee54ec0-c328-45e0-82a8-c53cb61aca6d,547
234-23,23,40.23.177.222,2023-03-06T23:39:49Z,57fd8c82-258c-4cf8-ab34-59ce4bfd4789,548
234-23,23,58.0.73.60,2023-03-05T07:20:35Z,7d115c57-0447-4e3b-8b82-1cc608a48f2d,549
234-23,23,194.180.11.243,2023-02-20T06:05:33Z,e040bbb7-b871-452e-8e40-7baeb471e544,550
234-23,23,23.103.80.9,2023-02-17T15:57:21Z,b8348e68-4955-415c-aaa9-f125cb81ea3d,551
234-23,23,184.126.86.98,2023-03-03T07:45:02Z,7f8215aa-8418-4b74-a636-e8eb5fd0b829,552
234-23,23,124.170.102.135,2023-03-05T05:28:49Z,996d6587-a1ff-4db3-b6f8-0f93a9e25be0,553
234-23,23,45.92.104.238,2023-02-22T20:01:09Z,72a73cae-f2ad-4ecb-b632-bfdee29187f7,554
234-23,23,104.181.63.81,2023-03-04T20:16:04Z,d711045d-4589-4f17-ab81-db2c2fb2e1e8,555
234-23,23,2.152.173.192,2023-02-21T07:23:20Z,3936955c-ff20-4dff-baef-8347ae4dc8ab,556
234-23,23,22.222.34.207,2023-02-20T07:51:32Z,b8658641-594b-4c87-9291-1be276b282ef,557
234-23,23,205.192.23.86,2023-02-24T14:18:35Z,ccc8bbcf-84e3-4946-89a7-640f8f3d9226,558
234-23,23,115.60.145.0,2023-03-09T08:28:30Z,4051eb6c-f53f-4bd2-a2f2-64034015f3db,559
234-23,23,134.177.159.75,2023-03-08T05:55:36Z,663bc68a-d65b-4e7c-a436-1c1098ffb000,560
234-23,23,12.72.180.48,2023-03-03T21:50:07Z,6ccfc821-7116-4e3b-8b64-7b37d0ef9529,561
234-23,23,139.210.195.192,2023-02-14T04:17:25Z,d86fcaf8-fd9b-4075-a5bf-bf72bf393808,562
234-23,23,24.109.23.17,2023-03-05T23:01:22Z,88bc0452-87b0-4957-ab33-b71c7b8672f5,563
234-23,23,79.212.249.163,2023-03-11T05:13:14Z,fc08bc04-52ae-4772-b460-cdcf9bddf11f,564
234-23,23,25.183.80.206,2023-02-19T02:06:31Z,6cef229b-1826-416d-8670-283d708d50dd,565
234-23,23,27.28.193.217,2023-02-27T20:50:53Z,f5089756-98e1-41da-9bbb-f3c111705cad,566
234-23,23,40.206.16.123,2023-02-27T17:42:43Z,55b5e4e3-d412-40ae-92db-d95130e3f4f4,567
234-23,23,55.140.14.229,2023-03-13T03:10:30Z,18ca88ea-1f83-4744-a940-92437db97405,568
234-23,23,115.126.34.209,2023-03-10T21:35:36Z,38643298-9e97-4537-b831-e9f467a0c069,569
234-23,23,230.43.137.212,2023-03-13T18:44:17Z,3ce8f36c-bd38-43ee-af95-3e6d07316e8a,570
234-23,23,200.152.191.30,2023-02-14T22:13:32Z,7c19c8fb-521e-45d3-902e-fc2fcac90c84,571
234-23,23,151.71.248.119,2023-02-24T16:02:37Z,a30e05dd-4e9a-4478-b6b2-62135ae8b376,572
234-23,23,66.65.191.62,2023-03-06T05:01:18Z,34d5e805-a862-4a36-be10-c34c9144875f,573
234-23,23,85.100.233.166,2023-03-05T00:17:51Z,00db450a-ef27-4a96-93a5-c93ccfe0454c,574
234-23,23,22.90.173.147,2023-02-19T07:27:59Z,31cd54d7-f7c6-4b14-9ec2-ce1ea22f53ce,575
234-23,23,41.7.19.200,2023-03-04T20:09:23Z,73678543-8034-4b89-a99e-261cdd9e1bde,576
234-23,23,16.163.166.88,2023-02-15T00:28:11Z,a5e8a7eb-5649-44bc-b794-4939e981b41e,577
234-23,23,144.247.59.21,2023-02-23T14:02:48Z,169bdb82-f04b-4575-9d85-ff6dc55f6574,578
234-23,23,52.169.194.31,2023-02-20T21:26:48Z,0799e40d-7fc3-4345-b5e0-41b21ebad1bd,579
234-23,23,225.128.151.182,2023-02-27T22:24:33Z,4a3fa463-6886-4c58-82b0-575d7884b040,580
234-23,23,133.63.84.131,2023-03-11T00:57:13Z,264142a8-3eee-4f14-bf33-d45ad535f7cd,581
234-23,23,188.77.200.164,2023-03-02T15:42:19Z,3d0c1de0-f6e9-4b57-972a-7415004fdcba,582
234-23,23,44.252.224.176,2023-02-21T07:51:45Z,d70fe1bc-7efb-49e1-9584-aaa6350941d9,583
234-23,23,180.242.137.233,2023-03-06T01:42:59Z,6a32c77a-7717-4372-b683-d85f259ec2c1,584
234-23,23,194.190.181.113,2023-02-16T11:00:01Z,200881ad-7111-4898-a765-7e37f468cfd7,585
234-23,23,202.107.154.36,2023-03-13T01:55:34Z,ca1219f8-04fb-4ac0-9dde-b3c55b856be6,586
234-23,23,122.146.224.2,2023-03-01T19:05:33Z,f97d5a4d-b47e-4425-aca6-0c43cc741c42,587
234-23,23,207.204.40.156,2023-02-19T01:30:49Z,8945b896-0493-4655-b27c-43e09890453d,588
234-23,23,119.52.184.23,2023-02-23T20:36:43Z,a92155d3-65ad-4ee5-86a8-b9d8deeb7c49,589
234-23,23,184.129.129.221,2023-02-14T22:33:33Z,a3589042-3e8f-40a9-8b88-9deb1742e9db,590
234-23,23,123.25.204.78,2023-03-01T13:44:30Z,52bc809b-2b4d-43cf-96a6-0f90ce092dea,591
234-23,23,0.140.211.34,2023-03-02T21:18:28Z,5df28d32-3bd2-4893-bfc4-7169786bc092,592
234-23,23,55.176.192.25,2023-02-24T02:46:09Z,975911cc-2ffa-424c-95d9-b3a2794e1044,593
234-23,23,150.131.133.198,2023-03-11T11:19:04Z,3cefe8f4-44a2-41fe-a57e-310d726434e4,594
234-23,23,200.31.13.212,2023-02-24T16:09:55Z,94d97875-9efe-4905-8a39-882c2ff99fb3,595
234-23,23,217.222.2.55,2023-03-11T10:02:50Z,88e3b980-6cd8-4b2b-a379-5fac549d40ba,596
234-23,23,240.55.54.189,2023-03-10T11:28:45Z,b4094753-d10f-48fa-8cc0-db846f94e08f,597
234-23,23,154.8.56.2,2023-02-17T04:59:46Z,874971fa-69b4-4e73-aaa0-f74bd11a89b8,598
234-23,23,143.4.116.176,2023-03-03T17:45:11Z,253262f3-bc67-48c2-a741-640f05bc78d5,599
234-23,23,71.79.19.232,2023-02-23T21:23:12Z,38277923-557c-44a7-88aa-b4a3c38d22c2,600
234-23,23,206.187.138.44,2023-02-21T14:01:34Z,f6aa26e6-ee84-4800-85ae-056e7fc9bebe,601
234-23,23,219.230.91.251,2023-02-17T09:06:34Z,e943e12f-18f7-4f0c-b9e8-8da491875a3f,602
234-23,23,13.169.63.170,2023-02-19T07:22:55Z,645ca97a-890a-4915-8e76-3bb86285306e,603
234-23,23,231.88.247.160,2023-03-11T14:06:05Z,f51a50b8-0df4-4a52-ab29-971670ad34ae,604
234-23,23,198.26.109.38,2023-03-11T14:23:45Z,99eb37ba-af44-4628-b009-3e6889cfc811,605
234-23,23,126.211.11.217,2023-02-15T17:03:07Z,f43c14e0-21fd-4998-a0ef-6394a1c46650,606
234-23,23,117.212.5.17,2023-03-08T20:41:28Z,bc893e75-e80c-49c5-b6d0-c1437eb5a59a,607
234-23,23,0.137.183.50,2023-03-11T02:30:21Z,538a6018-6996-4ff1-a91b-1ff6ebb0ef57,608
234-23,23,58.68.103.239,2023-02-19T15:46:45Z,14f40c5a-981f-40a7-9c38-566e937ddb48,609
234-23,23,146.232.19.158,2023-02-20T13:09:29Z,f23f4451-d2f3-4d29-aa57-a2e528f08023,610
234-23,23,153.41.35.28,2023-03-05T11:24:31Z,74d37c01-6e4e-4d20-b10d-b93f23f23080,611
234-23,23,145.184.12.177,2023-02-17T10:01:04Z,e9eabd6a-5642-4748-ac6f-2b689cf5bc69,612
234-23,23,9.118.25.21,2023-02-18T16:42:42Z,60500176-db5e-43fa-a082-3f8b8f2e92c1,613
234-23,23,56.4.85.167,2023-03-09T20:01:56Z,ee0297bf-c016-4145-a36f-62d51fce639c,614
234-23,23,96.217.42.182,2023-02-24T00:07:56Z,f6ca8284-8494-46a7-a99a-1ab7aa019614,615
234-23,23,1.231.215.11,2023-02-23T21:47:05Z,5a1fec3c-eb1a-4cd7-9120-9c0e37f700a9,616
234-23,23,130.140.44.22,2023-02-26T06:34:56Z,444ac988-bf58-4ab8-84f6-0f5e739d8d96,617
234-23,23,163.207.115.248,2023-03-06T07:54:59Z,e2047120-8481-47b6-bd7a-3fb50f3e964b,618
234-23,23,230.125.238.202,2023-02-19T12:15:11Z,5eadb167-606e-47cb-bc05-67891f757dca,619
234-23,23,102.175.190.19,2023-02-24T17:18:54Z,beb3f77c-5262-4cfc-9f4d-040a5740a13f,620
234-23,23,207.102.114.33,2023-02-19T19:39:37Z,93df67d3-d913-4680-b0bb-27abadad9edc,621
234-23,23,81.158.0.247,2023-02-26T04:33:01Z,48faec24-adba-4e83-91c1-435931b24405,622
234-23,23,228.159.209.58,2023-03-02T12:05:49Z,8af96040-7bf3-4b96-abbd-65907f9a19c1,623
234-23,23,2.190.172.111,2023-02-17T07:05:20Z,ba064450-aa0b-4c51-a2c0-8ac31f309b95,624
234-23,23,65.220.158.116,2023-02-19T06:14:11Z,1d9a22e1-7e2f-474b-81c9-1325220f06d7,625
234-23,23,10.37.236.89,2023-03-12T02:12:11Z,f56312e3-a921-4062-83cb-f3e869ee47c8,626
234-23,23,173.183.39.87,2023-02-27T13:43:00Z,c768c60f-9068-425a-ac43-b5104cd5db76,627
234-23,23,48.221.248.39,2023-03-12T01:41:07Z,5a07c1e4-a085-46bd-b592-dc626434f1b0,628
234-23,23,216.169.218.156,2023-03-05T03:20:56Z,c73a82c3-07be-4e8e-bf24-28dcb99623c0,629
234-23,23,228.255.200.95,2023-02-28T13:07:05Z,96308355-06da-42b9-8e4b-b31be5851214,630
234-23,23,64.16.54.36,2023-02-14T05:44:02Z,4013c2c7-f8fd-4937-8704-bd5b11d09e79,631
234-23,23,19.18.173.76,2023-03-04T18:54:21Z,36ebff2d-84a8-403c-86b7-b3767c7f62f4,632
234-23,23,247.125.99.78,2023-02-25T22:14:41Z,006c9376-3c11-4e3d-913f-eccde6c051b3,633
234-23,23,129.100.89.63,2023-02-23T03:53:39Z,a6794814-86b9-4da3-af25-1fb3ccd92a0e,634
234-23,23,156.2.90.110,2023-03-10T23:25:11Z,f6424329-2307-405d-bd3e-40e06d644802,635
234-23,23,25.103.39.9,2023-03-11T12:11:44Z,05b36c8f-186d-4e46-9898-ac8f35c48969,636
234-23,23,158.49.195.147,2023-03-09T01:15:00Z,2bd994a4-68e0-4869-a24f-93e0c66d7e26,637
234-23,23,228.250.178.180,2023-02-25T12:28:18Z,78386297-5d18-42ec-9f96-e568eb7707b7,638
234-23,23,95.61.186.185,2023-02-22T15:33:27Z,ce303d2c-1b54-457f-9c5f-42c42f2b56da,639
234-23,23,149.62.249.204,2023-02-20T15:42:03Z,b693ee48-497d-4708-a736-3c8be58c4d85,640
234-23,23,197.220.222.161,2023-02-23T19:41:51Z,26402ccd-11ad-4405-9d83-419f977836ed,641
234-23,23,79.10.214.251,2023-03-05T13:24:03Z,bac5b5b0-0277-4431-a9d8-c993bb0cbcd0,642
234-23,23,219.138.164.14,2023-02-18T19:29:44Z,63366310-5a90-410e-b406-62a9e9aa1ea2,643
234-23,23,141.176.88.152,2023-03-09T16:26:31Z,f544e70f-23a5-4684-b396-32201784f592,644
234-23,23,254.210.26.141,2023-03-02T15:15:24Z,53864ec2-d03c-42b4-a2ff-ab8e2f895d78,645
234-23,23,43.244.86.78,2023-03-13T22:54:47Z,2b2758f5-4c4c-492f-bf1d-9f955456fd51,646
234-23,23,42.151.13.107,2023-03-01T15:26:27Z,fc43633a-1d52-450e-9a11-3f2682584f9d,647
234-23,23,246.19.223.177,2023-02-14T08:40:27Z,d1dbf0c7-7deb-4034-8751-d851d99a0988,648
234-23,23,106.50.185.149,2023-02-16T01:41:33Z,d730422e-f34e-4cd1-8400-71a4654d9919,649
234-23,23,150.39.146.254,2023-02-18T18:41:51Z,84380ddb-0376-45d2-8e99-b1174b4488c4,650
234-23,23,199.239.183.6,2023-02-27T03:27:28Z,6b54bcc4-984d-495e-83a6-23c802d0dfcd,651
234-23,23,140.173.52.78,2023-02-26T22:01:26Z,b31abae3-9cec-4fde-9f09-2257afbe2b60,652
234-23,23,50.223.112.52,2023-02-24T08:35:29Z,91f01154-8f1f-48f1-8c8b-3628b69099e6,653
234-23,23,16.71.222.31,2023-03-05T16:07:25Z,2ded5a40-050c-4d12-94d7-a191413d3e53,654
234-23,23,51.250.52.86,2023-03-10T04:31:07Z,bf4a0864-9acd-48c1-b44a-da907321f45a,655
234-23,23,21.4.213.231,2023-02-26T10:30:15Z,e7fe541a-2dcf-476d-a59a-1687b0a51bb0,656
234-23,23,9.124.166.126,2023-03-07T13:21:46Z,7aeb52a4-54c1-47fe-b027-0b8424ef0d4e,657
234-23,23,119.242.196.119,2023-02-28T01:15:28Z,7537a35b-39d0-4592-b336-0bdbae15aea2,658
234-23,23,190.227.137.8,2023-02-27T12:32:50Z,ba88b343-9044-47c8-a017-f0edff406ac5,659
234-23,23,205.252.67.219,2023-03-08T07:02:20Z,5cfee6d8-3662-4412-b792-0ebbd2cd7f77,660
234-23,23,126.195.38.210,2023-03-06T06:37:35Z,866ab059-e87d-42ac-9077-7d826b6e95d2,661
234-23,23,248.207.140.149,2023-02-23T21:34:08Z,1b52ef3b-ca9e-426c-8115-ae4b8d60fe2f,662
234-23,23,219.225.80.160,2023-02-17T20:43:50Z,dfbcf341-f4de-4247-b35f-f1f8022923ea,663
234-23,23,149.85.191.207,2023-03-06T14:12:46Z,524ecf39-4457-4e8e-a362-b998a37278e6,664
234-23,23,190.178.81.251,2023-02-28T14:49:44Z,dcec5511-75d7-420b-bfa8-acaa780e40aa,665
234-23,23,87.125.13.10,2023-03-09T19:34:46Z,7ff969a2-ca26-4fba-a904-86252c1afa3e,666
234-23,23,11.222.115.25,2023-02-24T03:58:05Z,7062a5e7-f1e9-4c50-88e2-1fe4f823873e,667
234-23,23,67.36.28.95,2023-03-12T12:18:52Z,22852151-d7a6-41fa-9d47-09494bd03ccb,668
234-23,23,197.225.84.186,2023-03-06T03:44:58Z,ec621081-f13b-4975-ac6c-fc8ac7fe0c29,669
234-23,23,0.144.197.52,2023-03-07T17:05:18Z,2b7912c6-54d2-4a7d-b522-0b1f4421dc5f,670
234-23,23,134.227.117.229,2023-03-10T10:13:06Z,c2236359-5748-4cc6-99b2-48fac05a3f82,671
234-23,23,168.142.60.254,2023-03-02T08:06:34Z,fba4e2d4-f2dd-4b6c-9e92-4273956a2b75,672
234-23,23,241.152.179.38,2023-03-02T01:32:22Z,0cf6e74f-51df-4fe6-ac58-ad962196d091,673
234-23,23,142.187.142.131,2023-03-10T11:04:01Z,2f3dcae2-4abe-4872-9eff-73865c479f74,674
234-23,23,88.204.244.59,2023-03-04T15:09:18Z,1284f7df-136c-471a-9ce0-4ed19c2b8a3f,675
234-23,23,121.232.95.238,2023-02-24T09:27:09Z,2b7fb6d8-b95c-4ed2-9b47-9ca66c7bd339,676
234-23,23,88.184.251.22,2023-03-09T19:56:27Z,ff6b03b5-94fe-456a-b3ac-81e07ef1f859,677
234-23,23,59.114.36.196,2023-02-16T23:55:02Z,258b50bf-bedf-45ad-a0ae-119c56a96e9e,678
234-23,23,227.228.239.70,2023-02-20T12:41:25Z,b3a7e2a1-dcb8-4722-bfc8-f394aa834601,679
234-23,23,29.156.159.134,2023-02-16T19:07:17Z,f8cae910-4219-47da-8e78-50c0cda7175c,680
234-23,23,72.216.244.7,2023-03-04T11:26:55Z,a751e453-bc86-4e52-976a-db67a36286f3,681
234-23,23,146.118.158.244,2023-02-26T14:00:58Z,6cfa4345-fbae-467f-b044-e7968ebef34a,682
234-23,23,15.194.144.19,2023-02-24T03:21:11Z,d7968ce7-e9b3-490c-a497-4d4249ac1e78,683
234-23,23,219.114.168.147,2023-03-02T18:23:00Z,2e8b2009-46e7-4f27-b70f-504aaa9cf935,684
234-23,23,114.48.55.108,2023-03-04T10:05:03Z,3c1378a4-9ae9-41a2-b5ad-12000443dd9a,685
234-23,23,20.232.186.249,2023-03-06T08:59:05Z,10dea1d7-6b4d-4f2e-b293-ad6735b6b163,686
234-23,23,252.192.215.75,2023-02-24T08:51:24Z,b25f107b-2bf1-4edc-acf6-93c85b6f9816,687
234-23,23,120.240.136.35,2023-03-03T09:29:00Z,845c5766-9826-4c1c-8126-1d97592c2191,688
234-23,23,147.195.18.143,2023-03-12T20:36:40Z,d2fa0787-be9c-4d45-84db-14bc317a8649,689
234-23,23,66.80.201.27,2023-03-02T01:05:55Z,9a852b3a-20ff-4b1c-b410-333e584a68f5,690
234-23,23,177.106.175.144,2023-02-28T16:11:48Z,1ba1b92e-d6c2-4be5-b3d2-50b2e9751045,691
234-23,23,121.59.230.97,2023-03-11T22:38:51Z,2bfea1cd-a463-488e-95f1-8e5005d93f40,692
234-23,23,203.37.186.30,2023-02-18T11:38:25Z,18de593c-f401-4fc6-b7a4-0ebd805cbf57,693
234-23,23,143.37.145.149,2023-03-10T01:56:21Z,133896b5-8e4e-445b-9932-d1b357dd6f50,694
234-23,23,129.38.16.45,2023-03-13T14:34:40Z,5bab6e3b-4a8c-4123-b779-106c1a4f6adb,695
234-23,23,101.196.84.101,2023-03-08T00:37:57Z,884c5d75-01a4-4b5a-83bf-f1c9b63250b3,696
234-23,23,214.69.96.25,2023-02-17T08:24:58Z,769850e1-1ba4-47b3-ba8c-ad74ea83b602,697
234-23,23,96.100.46.189,2023-02-16T10:26:58Z,172fa8ee-7d99-479a-b1d9-4e29d8fc5ab0,698
234-23,23,108.207.179.168,2023-03-08T17:02:45Z,4b3fd6a1-dca7-4821-9bbc-c00ccb83e326,699
234-23,23,50.7.213.199,2023-02-23T22:17:02Z,107cbe58-76cd-4cb0-8a14-0f25cf3ed8e9,700
234-23,23,244.187.56.64,2023-02-16T08:03:59Z,9efab6c8-c117-4221-b968-bf7c7b4c7c11,701
234-23,23,227.105.249.70,2023-03-08T18:07:25Z,5c8c9b71-753f-4254-84a0-6ef748b4b91d,702
234-23,23,157.111.113.59,2023-02-28T17:47:14Z,2e54b159-5133-4306-b7ac-4c8d68cadc5c,703
234-23,23,171.85.104.246,2023-03-04T22:53:26Z,c2344082-bb11-4acf-9367-77e184f168dd,704
234-23,23,48.27.197.203,2023-02-21T21:21:38Z,2e83d0f1-5189-4b08-88e6-ac2c24d9e39a,705
234-23,23,169.65.207.147,2023-02-20T16:30:13Z,12182ec4-e27c-46b4-bc0b-1a913a4a1c03,706
234-23,23,149.164.63.58,2023-03-08T12:55:25Z,ef630da4-4555-49e2-ae04-95a40c8db7fd,707
234-23,23,239.107.91.159,2023-02-26T07:18:20Z,9c7e4587-511d-4b6e-b671-dcf5680fabbd,708
234-23,23,10.13.89.57,2023-02-26T03:31:41Z,03e615ff-228a-4a1a-983c-16f891116a35,709
234-23,23,200.63.179.61,2023-03-11T15:31:44Z,5f22a9a7-2919-420d-a76f-c82ae935cd17,710
234-23,23,42.197.136.61,2023-03-09T22:45:47Z,ffde2dbc-d621-4958-9ff0-34f842bc8c12,711
234-23,23,85.32.201.203,2023-03-03T20:54:14Z,71329646-ef52-4fb6-9daa-ce049b68d9bb,712
234-23,23,129.208.190.45,2023-03-09T01:51:07Z,24c82f0a-a83d-4e81-a6e4-1e8898d15db5,713
234-23,23,121.11.192.103,2023-03-11T04:18:43Z,d02a9e99-942a-44af-9254-54af406e54b9,714
234-23,23,227.109.28.42,2023-03-01T18:18:00Z,7e0b9a35-60c5-4e75-ad62-90723641b655,715
234-23,23,198.9.188.78,2023-02-20T10:20:25Z,9f6327e7-0b1c-413f-80f0-60e6e3ec9c79,716
234-23,23,160.214.26.6,2023-03-10T14:24:07Z,f317b80a-6e65-49ea-a9b2-7b5f606f42ef,717
234-23,23,225.104.34.87,2023-03-02T18:11:38Z,ba11874c-8743-4ac5-9920-06d8353c6802,718
234-23,23,122.124.25.98,2023-02-17T00:06:59Z,08bf1161-8039-4673-9ed2-83233e31d60c,719
234-23,23,144.44.50.127,2023-03-09T04:50:51Z,cab21d25-17d2-4082-bb77-1ea0bb8faca4,720
234-23,23,116.70.17.118,2023-02-26T03:52:46Z,ac350770-cd3b-4323-8f5e-5e569f709bcc,721
234-23,23,34.187.125.40,2023-02-15T18:07:57Z,899d9ebb-23a6-4a84-afbc-e0fac061e449,722
234-23,23,112.185.193.64,2023-02-28T04:09:33Z,643d5a8a-5211-4a13-b491-a2a89bce8169,723
234-23,23,53.205.229.147,2023-03-11T22:50:32Z,f29fc861-2d9c-4273-a058-ddc7fb8f0c4f,724
234-23,23,31.13.231.166,2023-03-07T15:56:02Z,ae29eb9c-8f7a-41ab-8673-e6ebda5e8b18,725
234-23,23,250.221.87.24,2023-03-09T21:44:49Z,f831cd64-ab33-4e4a-9c06-2bc0610ebbb4,726
234-23,23,186.238.245.10,2023-03-11T10:12:25Z,1223d918-1bba-4dd0-9fc5-e31e7a68eac2,727
234-23,23,130.179.141.175,2023-02-28T00:03:34Z,d4573c7b-faf9-4d57-8e83-a51f18f27728,728
234-23,23,71.177.133.77,2023-03-02T09:30:34Z,0d8926d4-a9ba-47e8-9ce7-4bd121ff3fdf,729
234-23,23,155.168.17.225,2023-03-09T18:29:51Z,44d4420d-0783-4d63-929a-edc6d088996a,730
234-23,23,72.31.75.153,2023-02-27T17:42:34Z,64d31b06-1cdc-4f42-a92a-81308242120a,731
234-23,23,33.162.210.4,2023-02-20T10:09:41Z,4d570ab0-7209-4ac8-a6b7-20e74848bd00,732
