line_item_id,order_transaction_id,sale_price_per,actual_price_per,unit_count,product_name,product_id
1,54,139.49,137.49,2,Monitor 27 inch,4d6c6f7b7fb6e8305469f80862988ff8
2,51,155.03,138.03,4,Keyboard Model V2,a71ddaed6a8a73f2108e68db56d280ce
3,49,141.05,132.05,1,Monitor 23 inch,0240d64baacbdd1a0368a6e62b45c34b
4,22,85.28,80.28,4,Keyboard Model V2,a71ddaed6a8a73f2108e68db56d280ce
5,40,157.49,151.49,3,Keyboard Model V3,1742a2dd2b6533099b436b7e4d589144
6,50,152.53,145.53,4,Mouse V2.2,2fe53b6aa260377610aea7e3ad8237e8
7,58,188.43,181.43,1,Monitor 23 inch,0240d64baacbdd1a0368a6e62b45c34b
8,76,64.91,60.91,3,Monitor 27 inch,4d6c6f7b7fb6e8305469f80862988ff8
9,62,103.55,93.55,2,Keyboard Model V2,a71ddaed6a8a73f2108e68db56d280ce
10,33,71.3,63.3,1,Monitor 23 inch,0240d64baacbdd1a0368a6e62b45c34b
11,35,27.1,8.1,1,Monitor 27 inch,4d6c6f7b7fb6e8305469f80862988ff8
12,67,34.98,30.98,2,Monitor 27 inch,4d6c6f7b7fb6e8305469f80862988ff8
13,10,100.52,96.52,3,Keyboard Model V2,a71ddaed6a8a73f2108e68db56d280ce
14,37,16.09,3.09,2,Mouse V2.2,2fe53b6aa260377610aea7e3ad8237e8
15,94,27.49,15.49,2,Keyboard Model V1,835c4c8731b44067a59fb494deafa60a
16,75,139.18,127.18,3,Mouse V2.2,2fe53b6aa260377610aea7e3ad8237e8
17,17,164.81,158.81,2,Mouse V2,82c8eb1d8659fc8ad954a36e0cfff5ed
18,74,169.51,158.51,2,Mouse V2,82c8eb1d8659fc8ad954a36e0cfff5ed
19,28,189.79,183.79,4,Keyboard Model V2,a71ddaed6a8a73f2108e68db56d280ce
20,39,99.97,95.97,1,Mouse V2.2,2fe53b6aa260377610aea7e3ad8237e8
21,83,133.16,114.16,3,Keyboard Model V1,835c4c8731b44067a59fb494deafa60a
22,65,38.77,34.77,1,Keyboard Model V1,835c4c8731b44067a59fb494deafa60a
23,44,127.32,120.32,1,Monitor 23 inch,0240d64baacbdd1a0368a6e62b45c34b
24,85,114.74,106.74,1,Mouse V2.2,2fe53b6aa260377610aea7e3ad8237e8
25,97,35.35,29.35,2,Keyboard Model V1,835c4c8731b44067a59fb494deafa60a
26,95,178.76,166.76,4,Keyboard Model V3,1742a2dd2b6533099b436b7e4d589144
27,64,106.85,92.85,2,Mouse V2,82c8eb1d8659fc8ad954a36e0cfff5ed
28,92,187.98,175.98,3,Keyboard Model V3,1742a2dd2b6533099b436b7e4d589144
29,9,177.4,162.4,1,Mouse V2.2,2fe53b6aa260377610aea7e3ad8237e8
30,72,133.37,123.37,3,Keyboard Model V2,a71ddaed6a8a73f2108e68db56d280ce
31,6,35.3,34.3,3,Monitor 27 inch,4d6c6f7b7fb6e8305469f80862988ff8
32,3,27.69,24.69,1,Mouse V2.2,2fe53b6aa260377610aea7e3ad8237e8
33,66,195.52,194.52,2,Keyboard Model V3,1742a2dd2b6533099b436b7e4d589144
34,61,119.28,103.28,3,Keyboard Model V2,a71ddaed6a8a73f2108e68db56d280ce
35,20,44.32,41.32,1,Mouse V2.2,2fe53b6aa260377610aea7e3ad8237e8
36,84,27.91,17.91,3,Keyboard Model V3,1742a2dd2b6533099b436b7e4d589144
37,80,96.85,84.85,3,Monitor 23 inch,0240d64baacbdd1a0368a6e62b45c34b
38,63,48.87,33.87,3,Keyboard Model V1,835c4c8731b44067a59fb494deafa60a
39,86,119.8,117.8,4,Keyboard Model V2,a71ddaed6a8a73f2108e68db56d280ce
40,15,92.17,74.17,4,Mouse V2.2,2fe53b6aa260377610aea7e3ad8237e8
41,43,71.14,63.14,1,Mouse V2.2,2fe53b6aa260377610aea7e3ad8237e8
42,13,173.87,170.87,2,Monitor 27 inch,4d6c6f7b7fb6e8305469f80862988ff8
43,56,55.82,36.82,2,Monitor 27 inch,4d6c6f7b7fb6e8305469f80862988ff8
44,34,193.5,182.5,3,Keyboard Model V3,1742a2dd2b6533099b436b7e4d589144
45,4,64.07,49.07,2,Keyboard Model V2,a71ddaed6a8a73f2108e68db56d280ce
46,57,91.26,85.26,4,Keyboard Model V1,835c4c8731b44067a59fb494deafa60a
47,2,31.22,17.22,2,Mouse V2,82c8eb1d8659fc8ad954a36e0cfff5ed
48,14,45.98,32.98,1,Keyboard Model V1,835c4c8731b44067a59fb494deafa60a
49,68,89.32,79.32,1,Keyboard Model V1,835c4c8731b44067a59fb494deafa60a
50,12,100.49,92.49,3,Mouse V2.2,2fe53b6aa260377610aea7e3ad8237e8
51,69,147.3,128.3,2,Monitor 23 inch,0240d64baacbdd1a0368a6e62b45c34b
52,16,168.38,156.38,4,Mouse V2,82c8eb1d8659fc8ad954a36e0cfff5ed
53,6,52.2,34.2,2,Monitor 27 inch,4d6c6f7b7fb6e8305469f80862988ff8
54,20,17.13,2.13,3,Monitor 27 inch,4d6c6f7b7fb6e8305469f80862988ff8
55,42,33.31,23.31,4,Mouse V2.2,2fe53b6aa260377610aea7e3ad8237e8
56,29,197.27,191.27,3,Monitor 27 inch,4d6c6f7b7fb6e8305469f80862988ff8
57,92,101.14,91.14,2,Keyboard Model V1,835c4c8731b44067a59fb494deafa60a
58,58,102.26,97.26,2,Mouse V2.2,2fe53b6aa260377610aea7e3ad8237e8
59,36,96.0,84.0,3,Keyboard Model V3,1742a2dd2b6533099b436b7e4d589144
60,52,153.01,147.01,1,Monitor 27 inch,4d6c6f7b7fb6e8305469f80862988ff8
61,50,53.46,43.46,1,Keyboard Model V2,a71ddaed6a8a73f2108e68db56d280ce
62,88,42.11,26.11,1,Monitor 23 inch,0240d64baacbdd1a0368a6e62b45c34b
63,19,142.58,123.58,4,Keyboard Model V3,1742a2dd2b6533099b436b7e4d589144
64,49,38.59,22.59,3,Mouse V2,82c8eb1d8659fc8ad954a36e0cfff5ed
65,41,123.1,120.1,3,Keyboard Model V1,835c4c8731b44067a59fb494deafa60a
66,46,187.55,174.55,2,Keyboard Model V3,1742a2dd2b6533099b436b7e4d589144
67,27,54.6,49.6,1,Mouse V2,82c8eb1d8659fc8ad954a36e0cfff5ed
68,74,154.19,148.19,2,Mouse V2.2,2fe53b6aa260377610aea7e3ad8237e8
69,64,157.56,140.56,2,Monitor 23 inch,0240d64baacbdd1a0368a6e62b45c34b
70,7,113.49,112.49,2,Mouse V2.2,2fe53b6aa260377610aea7e3ad8237e8
71,48,161.47,155.47,4,Keyboard Model V3,1742a2dd2b6533099b436b7e4d589144
72,81,82.8,71.8,3,Mouse V2.2,2fe53b6aa260377610aea7e3ad8237e8
73,45,77.23,67.23,2,Keyboard Model V2,a71ddaed6a8a73f2108e68db56d280ce
74,17,15.3,8.3,4,Keyboard Model V1,835c4c8731b44067a59fb494deafa60a
75,14,98.39,91.39,2,Mouse V2.2,2fe53b6aa260377610aea7e3ad8237e8
76,84,96.49,80.49,1,Monitor 27 inch,4d6c6f7b7fb6e8305469f80862988ff8
77,25,45.38,35.38,3,Mouse V2.2,2fe53b6aa260377610aea7e3ad8237e8
78,12,191.99,184.99,3,Monitor 27 inch,4d6c6f7b7fb6e8305469f80862988ff8
79,28,100.01,94.01,2,Keyboard Model V2,a71ddaed6a8a73f2108e68db56d280ce
80,68,116.62,98.62,3,Keyboard Model V3,1742a2dd2b6533099b436b7e4d589144
81,54,48.32,37.32,4,Keyboard Model V2,a71ddaed6a8a73f2108e68db56d280ce
82,55,81.19,78.19,1,Monitor 23 inch,0240d64baacbdd1a0368a6e62b45c34b
83,96,137.31,120.31,2,Monitor 27 inch,4d6c6f7b7fb6e8305469f80862988ff8
84,60,109.53,100.53,2,Monitor 23 inch,0240d64baacbdd1a0368a6e62b45c34b
85,32,29.07,14.07,2,Monitor 27 inch,4d6c6f7b7fb6e8305469f80862988ff8
86,3,75.4,70.4,2,Keyboard Model V1,835c4c8731b44067a59fb494deafa60a
87,1,180.17,163.17,1,Keyboard Model V2,a71ddaed6a8a73f2108e68db56d280ce
88,23,28.82,9.82,1,Mouse V2,82c8eb1d8659fc8ad954a36e0cfff5ed
89,63,100.21,84.21,4,Keyboard Model V2,a71ddaed6a8a73f2108e68db56d280ce
90,39,125.57,120.57,3,Monitor 27 inch,4d6c6f7b7fb6e8305469f80862988ff8
91,34,82.28,81.28,2,Mouse V2,82c8eb1d8659fc8ad954a36e0cfff5ed
92,40,35.29,17.29,1,Keyboard Model V1,835c4c8731b44067a59fb494deafa60a
93,73,59.75,51.75,4,Keyboard Model V3,1742a2dd2b6533099b436b7e4d589144
94,83,27.33,26.33,3,Keyboard Model V3,1742a2dd2b6533099b436b7e4d589144
95,15,49.05,40.05,4,Monitor 27 inch,4d6c6f7b7fb6e8305469f80862988ff8
96,61,179.4,173.4,2,Keyboard Model V1,835c4c8731b44067a59fb494deafa60a
97,87,80.7,70.7,1,Keyboard Model V2,a71ddaed6a8a73f2108e68db56d280ce
98,91,54.69,49.69,2,Mouse V2,82c8eb1d8659fc8ad954a36e0cfff5ed
99,98,22.05,7.05,3,Monitor 27 inch,4d6c6f7b7fb6e8305469f80862988ff8
100,30,106.17,88.17,4,Keyboard Model V1,835c4c8731b44067a59fb494deafa60a
101,26,189.33,182.33,3,Keyboard Model V1,835c4c8731b44067a59fb494deafa60a
102,73,31.47,14.47,2,Monitor 23 inch,0240d64baacbdd1a0368a6e62b45c34b
103,30,170.21,169.21,2,Keyboard Model V2,a71ddaed6a8a73f2108e68db56d280ce
104,60,15.15,-3.85,4,Monitor 23 inch,0240d64baacbdd1a0368a6e62b45c34b
105,49,99.99,88.99,1,Monitor 23 inch,0240d64baacbdd1a0368a6e62b45c34b
106,54,20.48,3.48,3,Mouse V2.2,2fe53b6aa260377610aea7e3ad8237e8
107,61,51.43,47.43,3,Mouse V2.2,2fe53b6aa260377610aea7e3ad8237e8
108,1,36.48,28.48,3,Keyboard Model V3,1742a2dd2b6533099b436b7e4d589144
109,29,63.17,60.17,1,Monitor 23 inch,0240d64baacbdd1a0368a6e62b45c34b
110,77,180.35,177.35,1,Monitor 23 inch,0240d64baacbdd1a0368a6e62b45c34b
111,76,21.02,2.02,3,Keyboard Model V3,1742a2dd2b6533099b436b7e4d589144
112,94,185.47,180.47,4,Mouse V2,82c8eb1d8659fc8ad954a36e0cfff5ed
113,6,87.74,82.74,4,Mouse V2.2,2fe53b6aa260377610aea7e3ad8237e8
114,79,17.05,10.05,4,Monitor 23 inch,0240d64baacbdd1a0368a6e62b45c34b
115,28,23.16,19.16,4,Monitor 27 inch,4d6c6f7b7fb6e8305469f80862988ff8
116,58,18.44,9.44,3,Monitor 23 inch,0240d64baacbdd1a0368a6e62b45c34b
117,10,44.99,41.99,3,Keyboard Model V1,835c4c8731b44067a59fb494deafa60a
118,81,55.18,43.18,4,Keyboard Model V3,1742a2dd2b6533099b436b7e4d589144
119,16,146.61,138.61,3,Keyboard Model V3,1742a2dd2b6533099b436b7e4d589144
120,52,77.73,62.73,3,Keyboard Model V1,835c4c8731b44067a59fb494deafa60a
121,96,62.97,44.97,3,Mouse V2,82c8eb1d8659fc8ad954a36e0cfff5ed
122,34,78.03,68.03,3,Mouse V2,82c8eb1d8659fc8ad954a36e0cfff5ed
123,46,97.37,80.37,4,Monitor 23 inch,0240d64baacbdd1a0368a6e62b45c34b
124,11,39.83,33.83,4,Monitor 27 inch,4d6c6f7b7fb6e8305469f80862988ff8
125,90,193.54,175.54,3,Monitor 23 inch,0240d64baacbdd1a0368a6e62b45c34b
126,78,155.3,139.3,4,Monitor 23 inch,0240d64baacbdd1a0368a6e62b45c34b
127,99,27.34,14.34,2,Monitor 27 inch,4d6c6f7b7fb6e8305469f80862988ff8
128,36,50.63,33.63,4,Mouse V2,82c8eb1d8659fc8ad954a36e0cfff5ed
129,48,143.59,138.59,1,Monitor 27 inch,4d6c6f7b7fb6e8305469f80862988ff8
130,91,104.03,90.03,1,Monitor 27 inch,4d6c6f7b7fb6e8305469f80862988ff8
131,38,65.53,49.53,3,Mouse V2.2,2fe53b6aa260377610aea7e3ad8237e8
132,47,187.85,177.85,1,Keyboard Model V2,a71ddaed6a8a73f2108e68db56d280ce
133,25,161.91,143.91,3,Keyboard Model V2,a71ddaed6a8a73f2108e68db56d280ce
134,85,111.21,107.21,3,Keyboard Model V1,835c4c8731b44067a59fb494deafa60a
135,87,41.16,27.16,4,Keyboard Model V2,a71ddaed6a8a73f2108e68db56d280ce
136,24,90.38,74.38,4,Monitor 27 inch,4d6c6f7b7fb6e8305469f80862988ff8
137,70,141.44,125.44,2,Keyboard Model V2,a71ddaed6a8a73f2108e68db56d280ce
138,12,78.59,76.59,1,Keyboard Model V2,a71ddaed6a8a73f2108e68db56d280ce
139,9,113.84,110.84,3,Mouse V2.2,2fe53b6aa260377610aea7e3ad8237e8
140,82,112.43,111.43,3,Monitor 23 inch,0240d64baacbdd1a0368a6e62b45c34b
141,64,133.06,118.06,2,Monitor 27 inch,4d6c6f7b7fb6e8305469f80862988ff8
142,7,34.93,17.93,2,Mouse V2,82c8eb1d8659fc8ad954a36e0cfff5ed
143,42,81.52,79.52,1,Mouse V2,82c8eb1d8659fc8ad954a36e0cfff5ed
144,68,67.56,54.56,4,Keyboard Model V2,a71ddaed6a8a73f2108e68db56d280ce
145,74,139.98,133.98,3,Keyboard Model V2,a71ddaed6a8a73f2108e68db56d280ce
146,4,167.93,160.93,4,Mouse V2.2,2fe53b6aa260377610aea7e3ad8237e8
147,43,88.39,82.39,1,Keyboard Model V3,1742a2dd2b6533099b436b7e4d589144
148,14,31.0,21.0,3,Mouse V2,82c8eb1d8659fc8ad954a36e0cfff5ed
149,62,198.17,188.17,4,Keyboard Model V1,835c4c8731b44067a59fb494deafa60a
150,97,186.61,182.61,4,Mouse V2,82c8eb1d8659fc8ad954a36e0cfff5ed
151,58,131.18,125.18,1,Mouse V2,82c8eb1d8659fc8ad954a36e0cfff5ed
152,80,96.95,81.95,2,Mouse V2,82c8eb1d8659fc8ad954a36e0cfff5ed
153,59,25.77,16.77,3,Keyboard Model V3,1742a2dd2b6533099b436b7e4d589144
154,87,135.28,120.28,3,Keyboard Model V2,a71ddaed6a8a73f2108e68db56d280ce
155,84,171.92,155.92,4,Keyboard Model V2,a71ddaed6a8a73f2108e68db56d280ce
156,10,111.81,99.81,2,Monitor 23 inch,0240d64baacbdd1a0368a6e62b45c34b
157,72,72.26,55.26,3,Monitor 23 inch,0240d64baacbdd1a0368a6e62b45c34b
158,44,141.36,129.36,3,Monitor 27 inch,4d6c6f7b7fb6e8305469f80862988ff8
159,66,189.46,170.46,3,Mouse V2.2,2fe53b6aa260377610aea7e3ad8237e8
160,61,116.86,98.86,4,Monitor 27 inch,4d6c6f7b7fb6e8305469f80862988ff8
161,56,128.2,116.2,4,Mouse V2,82c8eb1d8659fc8ad954a36e0cfff5ed
162,67,177.5,167.5,2,Keyboard Model V1,835c4c8731b44067a59fb494deafa60a
163,65,28.13,26.13,3,Mouse V2,82c8eb1d8659fc8ad954a36e0cfff5ed
164,11,92.55,88.55,2,Monitor 23 inch,0240d64baacbdd1a0368a6e62b45c34b
165,43,55.27,36.27,3,Mouse V2,82c8eb1d8659fc8ad954a36e0cfff5ed
166,42,124.38,112.38,3,Mouse V2.2,2fe53b6aa260377610aea7e3ad8237e8
167,100,152.45,148.45,1,Mouse V2.2,2fe53b6aa260377610aea7e3ad8237e8
168,95,148.6,142.6,3,Keyboard Model V1,835c4c8731b44067a59fb494deafa60a
169,70,155.99,142.99,2,Keyboard Model V1,835c4c8731b44067a59fb494deafa60a
170,30,39.63,33.63,2,Keyboard Model V2,a71ddaed6a8a73f2108e68db56d280ce
171,46,38.87,22.87,1,Monitor 27 inch,4d6c6f7b7fb6e8305469f80862988ff8
172,69,165.53,152.53,2,Mouse V2.2,2fe53b6aa260377610aea7e3ad8237e8
173,29,37.04,20.04,1,Keyboard Model V1,835c4c8731b44067a59fb494deafa60a
174,92,156.19,145.19,1,Keyboard Model V1,835c4c8731b44067a59fb494deafa60a
175,73,88.77,78.77,3,Mouse V2,82c8eb1d8659fc8ad954a36e0cfff5ed
176,39,24.93,12.93,2,Keyboard Model V3,1742a2dd2b6533099b436b7e4d589144
177,77,41.96,40.96,2,Monitor 23 inch,0240d64baacbdd1a0368a6e62b45c34b
178,99,186.89,172.89,3,Mouse V2.2,2fe53b6aa260377610aea7e3ad8237e8
179,54,186.16,182.16,2,Mouse V2.2,2fe53b6aa260377610aea7e3ad8237e8
180,91,119.39,113.39,3,Mouse V2.2,2fe53b6aa260377610aea7e3ad8237e8
181,28,57.91,39.91,1,Monitor 27 inch,4d6c6f7b7fb6e8305469f80862988ff8
182,17,176.3,170.3,3,Mouse V2,82c8eb1d8659fc8ad954a36e0cfff5ed
183,16,92.4,73.4,1,Keyboard Model V1,835c4c8731b44067a59fb494deafa60a
184,1,197.57,182.57,2,Monitor 23 inch,0240d64baacbdd1a0368a6e62b45c34b
185,76,70.73,59.73,2,Keyboard Model V3,1742a2dd2b6533099b436b7e4d589144
186,3,63.76,61.76,2,Mouse V2.2,2fe53b6aa260377610aea7e3ad8237e8
187,93,181.83,164.83,3,Keyboard Model V1,835c4c8731b44067a59fb494deafa60a
188,47,133.23,126.23,3,Mouse V2,82c8eb1d8659fc8ad954a36e0cfff5ed
189,25,35.62,27.62,1,Keyboard Model V2,a71ddaed6a8a73f2108e68db56d280ce
190,71,45.74,28.74,1,Keyboard Model V2,a71ddaed6a8a73f2108e68db56d280ce
191,22,160.45,143.45,1,Keyboard Model V3,1742a2dd2b6533099b436b7e4d589144
192,98,95.05,83.05,4,Monitor 27 inch,4d6c6f7b7fb6e8305469f80862988ff8
193,89,167.91,161.91,3,Mouse V2,82c8eb1d8659fc8ad954a36e0cfff5ed
194,63,158.26,157.26,1,Monitor 27 inch,4d6c6f7b7fb6e8305469f80862988ff8
195,60,147.23,134.23,4,Mouse V2,82c8eb1d8659fc8ad954a36e0cfff5ed
196,86,84.44,77.44,3,Monitor 23 inch,0240d64baacbdd1a0368a6e62b45c34b
197,13,124.54,105.54,3,Mouse V2,82c8eb1d8659fc8ad954a36e0cfff5ed
198,27,135.38,116.38,4,Mouse V2.2,2fe53b6aa260377610aea7e3ad8237e8
199,94,167.94,151.94,3,Mouse V2,82c8eb1d8659fc8ad954a36e0cfff5ed
200,48,57.53,52.53,3,Monitor 23 inch,0240d64baacbdd1a0368a6e62b45c34b
201,80,135.99,126.99,2,Monitor 27 inch,4d6c6f7b7fb6e8305469f80862988ff8
202,49,66.27,52.27,1,Monitor 27 inch,4d6c6f7b7fb6e8305469f80862988ff8
203,19,186.38,184.38,2,Mouse V2.2,2fe53b6aa260377610aea7e3ad8237e8
204,98,113.11,112.11,4,Keyboard Model V2,a71ddaed6a8a73f2108e68db56d280ce
205,28,112.05,99.05,1,Monitor 23 inch,0240d64baacbdd1a0368a6e62b45c34b
206,64,54.98,43.98,2,Monitor 23 inch,0240d64baacbdd1a0368a6e62b45c34b
207,2,133.77,116.77,4,Keyboard Model V2,a71ddaed6a8a73f2108e68db56d280ce
208,32,69.42,64.42,1,Keyboard Model V3,1742a2dd2b6533099b436b7e4d589144
209,44,155.12,154.12,3,Mouse V2,82c8eb1d8659fc8ad954a36e0cfff5ed
210,11,70.19,68.19,2,Monitor 27 inch,4d6c6f7b7fb6e8305469f80862988ff8
211,17,26.43,12.43,1,Monitor 27 inch,4d6c6f7b7fb6e8305469f80862988ff8
212,45,127.61,108.61,4,Keyboard Model V2,a71ddaed6a8a73f2108e68db56d280ce
213,15,71.7,58.7,4,Mouse V2.2,2fe53b6aa260377610aea7e3ad8237e8
214,79,78.19,69.19,4,Monitor 27 inch,4d6c6f7b7fb6e8305469f80862988ff8
215,57,113.1,104.1,4,Monitor 23 inch,0240d64baacbdd1a0368a6e62b45c34b
216,95,49.81,41.81,4,Mouse V2,82c8eb1d8659fc8ad954a36e0cfff5ed
217,62,194.51,175.51,4,Keyboard Model V2,a71ddaed6a8a73f2108e68db56d280ce
218,13,169.62,155.62,4,Mouse V2,82c8eb1d8659fc8ad954a36e0cfff5ed
219,58,145.36,144.36,4,Keyboard Model V2,a71ddaed6a8a73f2108e68db56d280ce
220,73,93.59,81.59,2,Monitor 23 inch,0240d64baacbdd1a0368a6e62b45c34b
221,54,190.37,187.37,1,Mouse V2,82c8eb1d8659fc8ad954a36e0cfff5ed
222,47,139.57,133.57,2,Monitor 27 inch,4d6c6f7b7fb6e8305469f80862988ff8
223,86,187.54,168.54,1,Monitor 27 inch,4d6c6f7b7fb6e8305469f80862988ff8
224,52,154.11,149.11,1,Keyboard Model V3,1742a2dd2b6533099b436b7e4d589144
225,4,99.59,91.59,1,Monitor 27 inch,4d6c6f7b7fb6e8305469f80862988ff8
226,36,116.15,111.15,4,Monitor 23 inch,0240d64baacbdd1a0368a6e62b45c34b
227,22,172.95,153.95,1,Keyboard Model V2,a71ddaed6a8a73f2108e68db56d280ce
228,27,68.25,53.25,3,Keyboard Model V2,a71ddaed6a8a73f2108e68db56d280ce
229,26,121.0,104.0,3,Mouse V2.2,2fe53b6aa260377610aea7e3ad8237e8
230,46,120.94,109.94,1,Mouse V2,82c8eb1d8659fc8ad954a36e0cfff5ed
231,25,185.0,172.0,1,Monitor 23 inch,0240d64baacbdd1a0368a6e62b45c34b
232,74,121.85,107.85,4,Keyboard Model V2,a71ddaed6a8a73f2108e68db56d280ce
233,34,18.71,16.71,2,Mouse V2,82c8eb1d8659fc8ad954a36e0cfff5ed
234,43,27.34,18.34,1,Mouse V2,82c8eb1d8659fc8ad954a36e0cfff5ed
235,23,79.27,75.27,3,Mouse V2,82c8eb1d8659fc8ad954a36e0cfff5ed
236,76,155.77,140.77,4,Mouse V2,82c8eb1d8659fc8ad954a36e0cfff5ed
237,20,149.01,132.01,4,Keyboard Model V3,1742a2dd2b6533099b436b7e4d589144
238,87,29.02,22.02,3,Mouse V2.2,2fe53b6aa260377610aea7e3ad8237e8
239,91,29.08,28.08,2,Mouse V2.2,2fe53b6aa260377610aea7e3ad8237e8
240,50,172.87,161.87,2,Keyboard Model V2,a71ddaed6a8a73f2108e68db56d280ce
241,33,191.4,174.4,2,Monitor 27 inch,4d6c6f7b7fb6e8305469f80862988ff8
242,77,81.28,65.28,2,Mouse V2,82c8eb1d8659fc8ad954a36e0cfff5ed
243,75,37.38,33.38,2,Mouse V2.2,2fe53b6aa260377610aea7e3ad8237e8
244,42,75.35,57.35,4,Keyboard Model V2,a71ddaed6a8a73f2108e68db56d280ce
245,6,65.37,52.37,2,Monitor 27 inch,4d6c6f7b7fb6e8305469f80862988ff8
246,72,26.2,15.2,3,Monitor 23 inch,0240d64baacbdd1a0368a6e62b45c34b
247,35,111.35,95.35,4,Mouse V2,82c8eb1d8659fc8ad954a36e0cfff5ed
248,5,35.6,24.6,1,Mouse V2,82c8eb1d8659fc8ad954a36e0cfff5ed
249,100,45.15,36.15,3,Mouse V2.2,2fe53b6aa260377610aea7e3ad8237e8
250,83,106.76,98.76,2,Keyboard Model V2,a71ddaed6a8a73f2108e68db56d280ce
251,88,35.33,25.33,1,Mouse V2,82c8eb1d8659fc8ad954a36e0cfff5ed
252,37,147.15,129.15,4,Mouse V2,82c8eb1d8659fc8ad954a36e0cfff5ed
253,43,72.73,57.73,1,Keyboard Model V3,1742a2dd2b6533099b436b7e4d589144
254,31,114.5,103.5,2,Monitor 23 inch,0240d64baacbdd1a0368a6e62b45c34b
255,41,63.04,55.04,2,Monitor 23 inch,0240d64baacbdd1a0368a6e62b45c34b
256,96,27.14,24.14,3,Mouse V2.2,2fe53b6aa260377610aea7e3ad8237e8
257,24,126.91,123.91,2,Monitor 23 inch,0240d64baacbdd1a0368a6e62b45c34b
258,83,67.04,64.04,4,Keyboard Model V3,1742a2dd2b6533099b436b7e4d589144
259,97,193.7,189.7,4,Keyboard Model V1,835c4c8731b44067a59fb494deafa60a
260,8,167.01,154.01,3,Keyboard Model V2,a71ddaed6a8a73f2108e68db56d280ce
261,15,132.87,131.87,4,Mouse V2.2,2fe53b6aa260377610aea7e3ad8237e8
262,34,33.42,26.42,3,Mouse V2.2,2fe53b6aa260377610aea7e3ad8237e8
263,9,70.85,68.85,4,Mouse V2,82c8eb1d8659fc8ad954a36e0cfff5ed
264,74,67.35,54.35,3,Mouse V2.2,2fe53b6aa260377610aea7e3ad8237e8
265,92,82.4,67.4,1,Monitor 23 inch,0240d64baacbdd1a0368a6e62b45c34b
266,67,188.01,177.01,3,Mouse V2,82c8eb1d8659fc8ad954a36e0cfff5ed
267,91,174.58,165.58,2,Keyboard Model V1,835c4c8731b44067a59fb494deafa60a
268,1,86.56,72.56,3,Mouse V2.2,2fe53b6aa260377610aea7e3ad8237e8
269,84,196.59,192.59,2,Mouse V2.2,2fe53b6aa260377610aea7e3ad8237e8
270,50,124.78,113.78,4,Keyboard Model V2,a71ddaed6a8a73f2108e68db56d280ce
271,77,95.51,76.51,4,Mouse V2,82c8eb1d8659fc8ad954a36e0cfff5ed
272,22,141.91,122.91,2,Keyboard Model V3,1742a2dd2b6533099b436b7e4d589144
273,59,127.39,116.39,3,Monitor 27 inch,4d6c6f7b7fb6e8305469f80862988ff8
274,98,119.8,102.8,4,Mouse V2,82c8eb1d8659fc8ad954a36e0cfff5ed
275,16,158.67,147.67,4,Mouse V2.2,2fe53b6aa260377610aea7e3ad8237e8
276,86,183.52,165.52,4,Mouse V2,82c8eb1d8659fc8ad954a36e0cfff5ed
277,69,75.51,66.51,2,Keyboard Model V1,835c4c8731b44067a59fb494deafa60a
278,38,124.15,118.15,2,Mouse V2.2,2fe53b6aa260377610aea7e3ad8237e8
279,25,173.62,157.62,4,Keyboard Model V1,835c4c8731b44067a59fb494deafa60a
280,18,129.14,114.14,3,Keyboard Model V2,a71ddaed6a8a73f2108e68db56d280ce
281,36,164.38,152.38,2,Monitor 23 inch,0240d64baacbdd1a0368a6e62b45c34b
282,71,42.56,34.56,1,Mouse V2,82c8eb1d8659fc8ad954a36e0cfff5ed
283,90,125.25,107.25,1,Mouse V2,82c8eb1d8659fc8ad954a36e0cfff5ed
284,28,194.09,191.09,2,Keyboard Model V1,835c4c8731b44067a59fb494deafa60a
285,95,171.26,157.26,4,Keyboard Model V1,835c4c8731b44067a59fb494deafa60a
286,14,33.75,29.75,2,Keyboard Model V2,a71ddaed6a8a73f2108e68db56d280ce
287,10,182.04,177.04,2,Mouse V2,82c8eb1d8659fc8ad954a36e0cfff5ed
288,89,79.95,77.95,1,Keyboard Model V2,a71ddaed6a8a73f2108e68db56d280ce
289,52,130.26,128.26,3,Monitor 27 inch,4d6c6f7b7fb6e8305469f80862988ff8
290,4,86.91,78.91,2,Mouse V2,82c8eb1d8659fc8ad954a36e0cfff5ed
291,3,45.78,33.78,3,Monitor 27 inch,4d6c6f7b7fb6e8305469f80862988ff8
292,2,106.51,97.51,4,Keyboard Model V1,835c4c8731b44067a59fb494deafa60a
293,17,88.02,83.02,3,Monitor 23 inch,0240d64baacbdd1a0368a6e62b45c34b
294,80,148.87,144.87,3,Keyboard Model V2,a71ddaed6a8a73f2108e68db56d280ce
295,81,65.14,57.14,1,Keyboard Model V3,1742a2dd2b6533099b436b7e4d589144
296,40,35.8,22.8,2,Mouse V2,82c8eb1d8659fc8ad954a36e0cfff5ed
297,7,164.71,149.71,3,Keyboard Model V3,1742a2dd2b6533099b436b7e4d589144
298,99,120.76,116.76,4,Mouse V2,82c8eb1d8659fc8ad954a36e0cfff5ed
299,27,59.14,54.14,2,Mouse V2,82c8eb1d8659fc8ad954a36e0cfff5ed
300,5,109.34,91.34,4,Mouse V2,82c8eb1d8659fc8ad954a36e0cfff5ed
301,73,44.41,33.41,2,Monitor 23 inch,0240d64baacbdd1a0368a6e62b45c34b
302,50,102.11,84.11,2,Mouse V2,82c8eb1d8659fc8ad954a36e0cfff5ed
303,30,129.46,125.46,4,Mouse V2.2,2fe53b6aa260377610aea7e3ad8237e8
304,38,115.54,103.54,1,Monitor 23 inch,0240d64baacbdd1a0368a6e62b45c34b
305,8,145.04,141.04,1,Monitor 27 inch,4d6c6f7b7fb6e8305469f80862988ff8
306,62,90.81,79.81,3,Mouse V2.2,2fe53b6aa260377610aea7e3ad8237e8
307,48,196.7,184.7,2,Mouse V2.2,2fe53b6aa260377610aea7e3ad8237e8
308,90,166.41,151.41,1,Keyboard Model V2,a71ddaed6a8a73f2108e68db56d280ce
309,74,156.23,143.23,4,Keyboard Model V3,1742a2dd2b6533099b436b7e4d589144
310,13,84.82,77.82,2,Keyboard Model V3,1742a2dd2b6533099b436b7e4d589144
311,95,96.37,84.37,4,Mouse V2,82c8eb1d8659fc8ad954a36e0cfff5ed
312,41,193.3,174.3,4,Mouse V2.2,2fe53b6aa260377610aea7e3ad8237e8
313,98,84.3,83.3,3,Monitor 27 inch,4d6c6f7b7fb6e8305469f80862988ff8
314,78,190.47,174.47,4,Keyboard Model V2,a71ddaed6a8a73f2108e68db56d280ce
315,80,37.45,20.45,1,Mouse V2,82c8eb1d8659fc8ad954a36e0cfff5ed
316,42,101.04,82.04,1,Keyboard Model V1,835c4c8731b44067a59fb494deafa60a
317,1,127.7,125.7,3,Monitor 23 inch,0240d64baacbdd1a0368a6e62b45c34b
318,52,179.35,176.35,3,Mouse V2.2,2fe53b6aa260377610aea7e3ad8237e8
319,88,160.92,151.92,2,Mouse V2.2,2fe53b6aa260377610aea7e3ad8237e8
320,87,23.39,9.39,2,Monitor 27 inch,4d6c6f7b7fb6e8305469f80862988ff8
321,9,55.83,39.83,1,Keyboard Model V1,835c4c8731b44067a59fb494deafa60a
322,79,89.14,81.14,4,Keyboard Model V2,a71ddaed6a8a73f2108e68db56d280ce
323,100,157.97,140.97,1,Keyboard Model V3,1742a2dd2b6533099b436b7e4d589144
324,21,99.66,86.66,3,Monitor 27 inch,4d6c6f7b7fb6e8305469f80862988ff8
325,37,27.24,8.24,2,Keyboard Model V1,835c4c8731b44067a59fb494deafa60a
326,32,173.88,165.88,3,Keyboard Model V2,a71ddaed6a8a73f2108e68db56d280ce
327,3,121.24,119.24,1,Keyboard Model V3,1742a2dd2b6533099b436b7e4d589144
328,99,26.97,15.97,3,Monitor 27 inch,4d6c6f7b7fb6e8305469f80862988ff8
329,36,44.2,41.2,1,Mouse V2.2,2fe53b6aa260377610aea7e3ad8237e8
330,61,131.76,113.76,2,Keyboard Model V2,a71ddaed6a8a73f2108e68db56d280ce
331,82,147.36,136.36,4,Mouse V2.2,2fe53b6aa260377610aea7e3ad8237e8
332,25,177.09,160.09,2,Mouse V2.2,2fe53b6aa260377610aea7e3ad8237e8
333,53,101.82,83.82,4,Keyboard Model V1,835c4c8731b44067a59fb494deafa60a
334,44,116.05,109.05,4,Monitor 23 inch,0240d64baacbdd1a0368a6e62b45c34b
335,45,109.1,92.1,2,Monitor 23 inch,0240d64baacbdd1a0368a6e62b45c34b
336,66,119.09,104.09,3,Keyboard Model V2,a71ddaed6a8a73f2108e68db56d280ce
337,39,166.71,164.71,4,Keyboard Model V2,a71ddaed6a8a73f2108e68db56d280ce
338,54,18.86,9.86,1,Keyboard Model V2,a71ddaed6a8a73f2108e68db56d280ce
339,68,92.38,90.38,3,Keyboard Model V2,a71ddaed6a8a73f2108e68db56d280ce
340,84,48.26,30.26,2,Monitor 23 inch,0240d64baacbdd1a0368a6e62b45c34b
341,14,113.87,99.87,1,Mouse V2.2,2fe53b6aa260377610aea7e3ad8237e8
342,2,194.37,182.37,3,Mouse V2.2,2fe53b6aa260377610aea7e3ad8237e8
343,31,161.37,149.37,3,Monitor 27 inch,4d6c6f7b7fb6e8305469f80862988ff8
344,91,40.09,27.09,1,Keyboard Model V3,1742a2dd2b6533099b436b7e4d589144
345,71,68.2,55.2,4,Monitor 27 inch,4d6c6f7b7fb6e8305469f80862988ff8
346,49,131.53,125.53,4,Monitor 27 inch,4d6c6f7b7fb6e8305469f80862988ff8
347,77,153.79,141.79,4,Mouse V2.2,2fe53b6aa260377610aea7e3ad8237e8
348,12,128.35,111.35,4,Mouse V2,82c8eb1d8659fc8ad954a36e0cfff5ed
349,43,179.1,171.1,3,Monitor 27 inch,4d6c6f7b7fb6e8305469f80862988ff8
350,55,193.21,182.21,3,Mouse V2.2,2fe53b6aa260377610aea7e3ad8237e8
351,32,37.07,21.07,4,Monitor 27 inch,4d6c6f7b7fb6e8305469f80862988ff8
352,47,176.75,157.75,2,Monitor 27 inch,4d6c6f7b7fb6e8305469f80862988ff8
353,80,37.92,24.92,1,Keyboard Model V3,1742a2dd2b6533099b436b7e4d589144
354,56,53.39,37.39,2,Keyboard Model V1,835c4c8731b44067a59fb494deafa60a
355,41,25.41,12.41,2,Mouse V2.2,2fe53b6aa260377610aea7e3ad8237e8
356,38,72.42,66.42,4,Mouse V2,82c8eb1d8659fc8ad954a36e0cfff5ed
357,40,16.27,8.27,2,Mouse V2,82c8eb1d8659fc8ad954a36e0cfff5ed
358,31,80.58,78.58,2,Keyboard Model V1,835c4c8731b44067a59fb494deafa60a
359,64,20.48,7.48,1,Mouse V2.2,2fe53b6aa260377610aea7e3ad8237e8
360,44,94.29,77.29,4,Mouse V2.2,2fe53b6aa260377610aea7e3ad8237e8
361,4,56.85,43.85,2,Keyboard Model V1,835c4c8731b44067a59fb494deafa60a
362,33,152.9,139.9,2,Monitor 27 inch,4d6c6f7b7fb6e8305469f80862988ff8
363,37,93.06,77.06,3,Mouse V2,82c8eb1d8659fc8ad954a36e0cfff5ed
364,84,193.64,179.64,1,Monitor 27 inch,4d6c6f7b7fb6e8305469f80862988ff8
365,43,170.17,154.17,2,Keyboard Model V1,835c4c8731b44067a59fb494deafa60a
366,83,84.54,83.54,3,Keyboard Model V3,1742a2dd2b6533099b436b7e4d589144
367,88,130.7,120.7,2,Mouse V2,82c8eb1d8659fc8ad954a36e0cfff5ed
368,30,184.83,180.83,4,Monitor 23 inch,0240d64baacbdd1a0368a6e62b45c34b
369,42,19.15,7.15,1,Mouse V2,82c8eb1d8659fc8ad954a36e0cfff5ed
370,51,55.5,42.5,4,Keyboard Model V1,835c4c8731b44067a59fb494deafa60a
371,65,120.57,106.57,2,Monitor 23 inch,0240d64baacbdd1a0368a6e62b45c34b
372,63,134.45,118.45,2,Mouse V2.2,2fe53b6aa260377610aea7e3ad8237e8
373,50,70.71,52.71,3,Monitor 27 inch,4d6c6f7b7fb6e8305469f80862988ff8
374,35,91.89,90.89,1,Keyboard Model V3,1742a2dd2b6533099b436b7e4d589144
375,81,64.01,56.01,1,Keyboard Model V3,1742a2dd2b6533099b436b7e4d589144
376,16,198.67,193.67,1,Monitor 27 inch,4d6c6f7b7fb6e8305469f80862988ff8
377,90,58.69,56.69,4,Monitor 27 inch,4d6c6f7b7fb6e8305469f80862988ff8
378,93,100.45,89.45,1,Monitor 23 inch,0240d64baacbdd1a0368a6e62b45c34b
379,9,160.47,156.47,3,Mouse V2.2,2fe53b6aa260377610aea7e3ad8237e8
380,68,194.03,189.03,4,Keyboard Model V1,835c4c8731b44067a59fb494deafa60a
381,8,18.79,15.79,1,Mouse V2,82c8eb1d8659fc8ad954a36e0cfff5ed
382,76,34.96,19.96,2,Keyboard Model V3,1742a2dd2b6533099b436b7e4d589144
383,91,97.72,90.72,1,Keyboard Model V2,a71ddaed6a8a73f2108e68db56d280ce
384,62,87.81,83.81,1,Monitor 23 inch,0240d64baacbdd1a0368a6e62b45c34b
385,61,169.22,157.22,1,Monitor 23 inch,0240d64baacbdd1a0368a6e62b45c34b
386,60,15.96,10.96,2,Monitor 23 inch,0240d64baacbdd1a0368a6e62b45c34b
387,95,189.31,186.31,2,Keyboard Model V1,835c4c8731b44067a59fb494deafa60a
388,34,198.31,191.31,1,Monitor 23 inch,0240d64baacbdd1a0368a6e62b45c34b
389,45,112.99,107.99,4,Mouse V2.2,2fe53b6aa260377610aea7e3ad8237e8
390,26,145.95,134.95,1,Keyboard Model V2,a71ddaed6a8a73f2108e68db56d280ce
391,94,126.28,108.28,1,Monitor 27 inch,4d6c6f7b7fb6e8305469f80862988ff8
392,46,66.15,57.15,2,Keyboard Model V1,835c4c8731b44067a59fb494deafa60a
393,86,110.98,98.98,1,Keyboard Model V2,a71ddaed6a8a73f2108e68db56d280ce
394,22,72.03,64.03,1,Monitor 27 inch,4d6c6f7b7fb6e8305469f80862988ff8
395,25,49.28,37.28,1,Keyboard Model V1,835c4c8731b44067a59fb494deafa60a
396,1,181.07,164.07,2,Mouse V2,82c8eb1d8659fc8ad954a36e0cfff5ed
397,27,116.31,103.31,2,Mouse V2,82c8eb1d8659fc8ad954a36e0cfff5ed
398,2,115.64,110.64,4,Monitor 27 inch,4d6c6f7b7fb6e8305469f80862988ff8
399,85,143.53,125.53,2,Keyboard Model V2,a71ddaed6a8a73f2108e68db56d280ce
400,99,180.94,161.94,1,Monitor 27 inch,4d6c6f7b7fb6e8305469f80862988ff8
401,29,16.2,4.2,1,Mouse V2.2,2fe53b6aa260377610aea7e3ad8237e8
402,86,168.85,166.85,1,Keyboard Model V1,835c4c8731b44067a59fb494deafa60a
403,16,99.74,90.74,4,Monitor 23 inch,0240d64baacbdd1a0368a6e62b45c34b
404,87,142.76,129.76,1,Keyboard Model V2,a71ddaed6a8a73f2108e68db56d280ce
405,77,121.21,112.21,1,Monitor 27 inch,4d6c6f7b7fb6e8305469f80862988ff8
406,33,69.07,62.07,1,Mouse V2,82c8eb1d8659fc8ad954a36e0cfff5ed
407,30,134.49,127.49,2,Keyboard Model V2,a71ddaed6a8a73f2108e68db56d280ce
408,6,36.04,26.04,2,Monitor 27 inch,4d6c6f7b7fb6e8305469f80862988ff8
409,96,195.58,192.58,2,Monitor 27 inch,4d6c6f7b7fb6e8305469f80862988ff8
410,9,109.37,96.37,3,Keyboard Model V2,a71ddaed6a8a73f2108e68db56d280ce
411,2,184.7,174.7,4,Keyboard Model V3,1742a2dd2b6533099b436b7e4d589144
412,15,80.34,67.34,4,Monitor 23 inch,0240d64baacbdd1a0368a6e62b45c34b
413,21,110.07,95.07,4,Monitor 23 inch,0240d64baacbdd1a0368a6e62b45c34b
414,53,38.45,24.45,2,Keyboard Model V3,1742a2dd2b6533099b436b7e4d589144
415,65,16.05,15.05,4,Keyboard Model V1,835c4c8731b44067a59fb494deafa60a
416,47,101.32,100.32,4,Keyboard Model V3,1742a2dd2b6533099b436b7e4d589144
417,11,100.85,89.85,1,Monitor 23 inch,0240d64baacbdd1a0368a6e62b45c34b
418,32,124.78,122.78,2,Monitor 27 inch,4d6c6f7b7fb6e8305469f80862988ff8
419,38,103.8,96.8,4,Keyboard Model V1,835c4c8731b44067a59fb494deafa60a
420,24,90.64,88.64,3,Monitor 23 inch,0240d64baacbdd1a0368a6e62b45c34b
421,75,146.91,144.91,4,Monitor 23 inch,0240d64baacbdd1a0368a6e62b45c34b
422,45,60.26,56.26,3,Keyboard Model V2,a71ddaed6a8a73f2108e68db56d280ce
423,68,76.24,62.24,3,Monitor 27 inch,4d6c6f7b7fb6e8305469f80862988ff8
424,89,148.49,145.49,2,Monitor 23 inch,0240d64baacbdd1a0368a6e62b45c34b
425,71,37.43,29.43,3,Mouse V2,82c8eb1d8659fc8ad954a36e0cfff5ed
426,70,126.26,108.26,1,Mouse V2,82c8eb1d8659fc8ad954a36e0cfff5ed
427,88,155.87,142.87,2,Mouse V2,82c8eb1d8659fc8ad954a36e0cfff5ed
428,74,104.71,103.71,3,Mouse V2.2,2fe53b6aa260377610aea7e3ad8237e8
429,10,177.01,173.01,4,Mouse V2,82c8eb1d8659fc8ad954a36e0cfff5ed
430,92,179.14,160.14,2,Mouse V2,82c8eb1d8659fc8ad954a36e0cfff5ed
431,85,111.62,98.62,3,Keyboard Model V2,a71ddaed6a8a73f2108e68db56d280ce
432,27,114.32,101.32,4,Monitor 23 inch,0240d64baacbdd1a0368a6e62b45c34b
433,67,29.31,21.31,4,Mouse V2.2,2fe53b6aa260377610aea7e3ad8237e8
434,8,159.39,153.39,4,Keyboard Model V2,a71ddaed6a8a73f2108e68db56d280ce
435,28,71.9,70.9,4,Mouse V2,82c8eb1d8659fc8ad954a36e0cfff5ed
436,63,112.96,98.96,2,Monitor 27 inch,4d6c6f7b7fb6e8305469f80862988ff8
437,58,22.65,9.65,4,Keyboard Model V1,835c4c8731b44067a59fb494deafa60a
438,61,126.79,109.79,1,Keyboard Model V2,a71ddaed6a8a73f2108e68db56d280ce
439,3,197.49,195.49,3,Monitor 23 inch,0240d64baacbdd1a0368a6e62b45c34b
440,12,42.08,27.08,2,Keyboard Model V3,1742a2dd2b6533099b436b7e4d589144
441,31,76.84,74.84,3,Keyboard Model V2,a71ddaed6a8a73f2108e68db56d280ce
442,23,64.09,52.09,1,Keyboard Model V3,1742a2dd2b6533099b436b7e4d589144
443,59,126.1,124.1,3,Keyboard Model V3,1742a2dd2b6533099b436b7e4d589144
444,50,21.7,10.7,2,Mouse V2,82c8eb1d8659fc8ad954a36e0cfff5ed
445,83,65.53,56.53,2,Mouse V2.2,2fe53b6aa260377610aea7e3ad8237e8
446,35,144.96,126.96,2,Keyboard Model V1,835c4c8731b44067a59fb494deafa60a
447,69,121.05,114.05,1,Monitor 27 inch,4d6c6f7b7fb6e8305469f80862988ff8
448,78,61.61,60.61,3,Mouse V2.2,2fe53b6aa260377610aea7e3ad8237e8
449,64,134.9,124.9,2,Monitor 27 inch,4d6c6f7b7fb6e8305469f80862988ff8
450,80,166.29,159.29,1,Keyboard Model V1,835c4c8731b44067a59fb494deafa60a
451,83,46.32,35.32,1,Keyboard Model V2,a71ddaed6a8a73f2108e68db56d280ce
452,73,35.24,25.24,1,Mouse V2.2,2fe53b6aa260377610aea7e3ad8237e8
453,25,131.73,128.73,4,Keyboard Model V3,1742a2dd2b6533099b436b7e4d589144
454,84,177.14,174.14,4,Mouse V2.2,2fe53b6aa260377610aea7e3ad8237e8
455,47,27.18,23.18,3,Keyboard Model V3,1742a2dd2b6533099b436b7e4d589144
456,45,57.37,53.37,4,Keyboard Model V2,a71ddaed6a8a73f2108e68db56d280ce
457,94,171.93,162.93,1,Monitor 23 inch,0240d64baacbdd1a0368a6e62b45c34b
458,95,112.07,110.07,4,Keyboard Model V3,1742a2dd2b6533099b436b7e4d589144
459,97,181.83,165.83,4,Monitor 27 inch,4d6c6f7b7fb6e8305469f80862988ff8
460,68,125.13,113.13,2,Keyboard Model V3,1742a2dd2b6533099b436b7e4d589144
461,82,52.31,39.31,4,Keyboard Model V2,a71ddaed6a8a73f2108e68db56d280ce
462,91,76.0,75.0,1,Keyboard Model V1,835c4c8731b44067a59fb494deafa60a
463,35,163.62,156.62,3,Keyboard Model V2,a71ddaed6a8a73f2108e68db56d280ce
464,32,108.23,106.23,1,Keyboard Model V2,a71ddaed6a8a73f2108e68db56d280ce
465,23,172.97,163.97,2,Keyboard Model V3,1742a2dd2b6533099b436b7e4d589144
466,78,105.92,103.92,1,Mouse V2,82c8eb1d8659fc8ad954a36e0cfff5ed
467,81,132.15,128.15,3,Keyboard Model V3,1742a2dd2b6533099b436b7e4d589144
468,38,157.95,145.95,1,Mouse V2,82c8eb1d8659fc8ad954a36e0cfff5ed
469,89,120.22,103.22,1,Keyboard Model V2,a71ddaed6a8a73f2108e68db56d280ce
470,2,74.52,72.52,4,Keyboard Model V1,835c4c8731b44067a59fb494deafa60a
471,52,40.75,22.75,3,Keyboard Model V3,1742a2dd2b6533099b436b7e4d589144
472,24,153.33,135.33,3,Monitor 23 inch,0240d64baacbdd1a0368a6e62b45c34b
473,63,95.74,92.74,3,Mouse V2,82c8eb1d8659fc8ad954a36e0cfff5ed
474,41,144.54,134.54,3,Keyboard Model V3,1742a2dd2b6533099b436b7e4d589144
475,62,153.27,141.27,1,Monitor 23 inch,0240d64baacbdd1a0368a6e62b45c34b
476,19,97.46,87.46,3,Mouse V2,82c8eb1d8659fc8ad954a36e0cfff5ed
477,92,75.76,70.76,3,Monitor 23 inch,0240d64baacbdd1a0368a6e62b45c34b
478,15,196.91,186.91,4,Mouse V2,82c8eb1d8659fc8ad954a36e0cfff5ed
479,77,130.82,128.82,1,Mouse V2.2,2fe53b6aa260377610aea7e3ad8237e8
480,8,65.54,53.54,2,Mouse V2,82c8eb1d8659fc8ad954a36e0cfff5ed
481,9,94.25,93.25,2,Keyboard Model V3,1742a2dd2b6533099b436b7e4d589144
482,34,68.96,63.96,3,Monitor 27 inch,4d6c6f7b7fb6e8305469f80862988ff8
483,30,15.75,7.75,2,Keyboard Model V3,1742a2dd2b6533099b436b7e4d589144
484,39,109.46,99.46,1,Keyboard Model V3,1742a2dd2b6533099b436b7e4d589144
485,64,117.74,113.74,1,Monitor 27 inch,4d6c6f7b7fb6e8305469f80862988ff8
486,6,103.16,99.16,2,Mouse V2,82c8eb1d8659fc8ad954a36e0cfff5ed
487,27,146.57,144.57,2,Keyboard Model V2,a71ddaed6a8a73f2108e68db56d280ce
488,61,166.37,156.37,1,Mouse V2.2,2fe53b6aa260377610aea7e3ad8237e8
489,85,156.86,145.86,2,Monitor 23 inch,0240d64baacbdd1a0368a6e62b45c34b
490,29,77.27,72.27,1,Keyboard Model V1,835c4c8731b44067a59fb494deafa60a
491,87,54.12,44.12,1,Keyboard Model V1,835c4c8731b44067a59fb494deafa60a
492,17,58.06,43.06,2,Monitor 23 inch,0240d64baacbdd1a0368a6e62b45c34b
493,99,57.44,49.44,4,Keyboard Model V3,1742a2dd2b6533099b436b7e4d589144
494,4,107.58,102.58,2,Monitor 23 inch,0240d64baacbdd1a0368a6e62b45c34b
495,26,38.68,32.68,1,Keyboard Model V3,1742a2dd2b6533099b436b7e4d589144
496,13,125.32,113.32,1,Mouse V2,82c8eb1d8659fc8ad954a36e0cfff5ed
497,48,47.5,41.5,3,Mouse V2,82c8eb1d8659fc8ad954a36e0cfff5ed
498,79,137.57,123.57,3,Keyboard Model V1,835c4c8731b44067a59fb494deafa60a
499,56,129.48,118.48,1,Keyboard Model V1,835c4c8731b44067a59fb494deafa60a
500,3,135.19,121.19,3,Mouse V2,82c8eb1d8659fc8ad954a36e0cfff5ed
501,31,55.62,42.62,4,Keyboard Model V2,a71ddaed6a8a73f2108e68db56d280ce
502,89,171.16,165.16,1,Mouse V2,82c8eb1d8659fc8ad954a36e0cfff5ed
503,53,140.42,132.42,1,Keyboard Model V3,1742a2dd2b6533099b436b7e4d589144
504,48,117.18,103.18,1,Keyboard Model V1,835c4c8731b44067a59fb494deafa60a
505,46,199.12,182.12,2,Mouse V2.2,2fe53b6aa260377610aea7e3ad8237e8
506,54,76.71,72.71,4,Keyboard Model V1,835c4c8731b44067a59fb494deafa60a
507,43,184.64,182.64,3,Monitor 23 inch,0240d64baacbdd1a0368a6e62b45c34b
508,66,126.85,121.85,3,Keyboard Model V2,a71ddaed6a8a73f2108e68db56d280ce
509,62,21.99,6.99,4,Keyboard Model V2,a71ddaed6a8a73f2108e68db56d280ce
510,88,135.37,119.37,4,Monitor 23 inch,0240d64baacbdd1a0368a6e62b45c34b
511,35,79.15,78.15,2,Keyboard Model V3,1742a2dd2b6533099b436b7e4d589144
512,17,182.59,172.59,4,Monitor 23 inch,0240d64baacbdd1a0368a6e62b45c34b
513,63,72.54,65.54,4,Mouse V2.2,2fe53b6aa260377610aea7e3ad8237e8
514,18,67.74,50.74,1,Mouse V2,82c8eb1d8659fc8ad954a36e0cfff5ed
515,3,152.03,150.03,2,Monitor 23 inch,0240d64baacbdd1a0368a6e62b45c34b
516,98,68.95,55.95,3,Monitor 27 inch,4d6c6f7b7fb6e8305469f80862988ff8
517,61,27.86,20.86,3,Keyboard Model V3,1742a2dd2b6533099b436b7e4d589144
518,59,30.48,21.48,3,Keyboard Model V1,835c4c8731b44067a59fb494deafa60a
519,14,90.25,78.25,2,Mouse V2.2,2fe53b6aa260377610aea7e3ad8237e8
520,49,58.09,55.09,3,Monitor 27 inch,4d6c6f7b7fb6e8305469f80862988ff8
521,83,146.22,131.22,1,Keyboard Model V3,1742a2dd2b6533099b436b7e4d589144
522,77,149.54,134.54,3,Keyboard Model V1,835c4c8731b44067a59fb494deafa60a
523,1,118.37,115.37,3,Keyboard Model V3,1742a2dd2b6533099b436b7e4d589144
524,42,113.32,96.32,3,Mouse V2,82c8eb1d8659fc8ad954a36e0cfff5ed
525,64,197.13,182.13,1,Keyboard Model V3,1742a2dd2b6533099b436b7e4d589144
526,57,37.64,27.64,1,Monitor 27 inch,4d6c6f7b7fb6e8305469f80862988ff8
527,2,135.8,132.8,3,Keyboard Model V1,835c4c8731b44067a59fb494deafa60a
528,40,196.84,180.84,1,Monitor 23 inch,0240d64baacbdd1a0368a6e62b45c34b
529,99,195.83,182.83,1,Monitor 23 inch,0240d64baacbdd1a0368a6e62b45c34b
530,86,42.03,38.03,3,Mouse V2.2,2fe53b6aa260377610aea7e3ad8237e8
531,94,40.25,30.25,4,Mouse V2.2,2fe53b6aa260377610aea7e3ad8237e8
532,44,94.32,88.32,2,Keyboard Model V3,1742a2dd2b6533099b436b7e4d589144
533,81,119.5,100.5,3,Mouse V2,82c8eb1d8659fc8ad954a36e0cfff5ed
534,26,191.83,181.83,1,Monitor 27 inch,4d6c6f7b7fb6e8305469f80862988ff8
535,47,128.32,122.32,4,Mouse V2.2,2fe53b6aa260377610aea7e3ad8237e8
536,19,73.03,67.03,4,Mouse V2.2,2fe53b6aa260377610aea7e3ad8237e8
537,38,24.8,21.8,4,Monitor 27 inch,4d6c6f7b7fb6e8305469f80862988ff8
538,78,150.82,142.82,2,Monitor 27 inch,4d6c6f7b7fb6e8305469f80862988ff8
539,37,17.08,10.08,1,Keyboard Model V3,1742a2dd2b6533099b436b7e4d589144
540,90,18.91,8.91,1,Monitor 27 inch,4d6c6f7b7fb6e8305469f80862988ff8
541,36,62.47,55.47,3,Keyboard Model V2,a71ddaed6a8a73f2108e68db56d280ce
542,29,46.45,28.45,3,Mouse V2,82c8eb1d8659fc8ad954a36e0cfff5ed
543,79,195.76,176.76,3,Keyboard Model V1,835c4c8731b44067a59fb494deafa60a
544,32,30.25,23.25,4,Keyboard Model V1,835c4c8731b44067a59fb494deafa60a
545,21,169.55,165.55,4,Keyboard Model V1,835c4c8731b44067a59fb494deafa60a
546,12,96.63,86.63,2,Keyboard Model V3,1742a2dd2b6533099b436b7e4d589144
547,56,190.15,185.15,1,Monitor 27 inch,4d6c6f7b7fb6e8305469f80862988ff8
548,67,30.09,25.09,4,Mouse V2,82c8eb1d8659fc8ad954a36e0cfff5ed
549,69,119.17,105.17,1,Keyboard Model V1,835c4c8731b44067a59fb494deafa60a
550,20,168.73,163.73,2,Keyboard Model V1,835c4c8731b44067a59fb494deafa60a
551,20,182.76,177.76,2,Keyboard Model V1,835c4c8731b44067a59fb494deafa60a
552,2,129.68,123.68,4,Keyboard Model V3,1742a2dd2b6533099b436b7e4d589144
553,51,92.62,83.62,1,Monitor 23 inch,0240d64baacbdd1a0368a6e62b45c34b
554,100,52.94,43.94,2,Keyboard Model V2,a71ddaed6a8a73f2108e68db56d280ce
555,30,123.71,122.71,3,Keyboard Model V3,1742a2dd2b6533099b436b7e4d589144
556,45,16.12,10.12,2,Monitor 23 inch,0240d64baacbdd1a0368a6e62b45c34b
557,89,144.5,136.5,1,Mouse V2,82c8eb1d8659fc8ad954a36e0cfff5ed
558,97,78.31,63.31,1,Mouse V2,82c8eb1d8659fc8ad954a36e0cfff5ed
559,55,197.61,189.61,3,Mouse V2,82c8eb1d8659fc8ad954a36e0cfff5ed
560,86,193.81,174.81,3,Keyboard Model V2,a71ddaed6a8a73f2108e68db56d280ce
561,75,25.12,19.12,1,Mouse V2.2,2fe53b6aa260377610aea7e3ad8237e8
562,50,173.97,158.97,3,Keyboard Model V1,835c4c8731b44067a59fb494deafa60a
563,22,106.34,93.34,2,Keyboard Model V3,1742a2dd2b6533099b436b7e4d589144
564,10,120.1,116.1,4,Keyboard Model V2,a71ddaed6a8a73f2108e68db56d280ce
565,76,54.89,50.89,4,Keyboard Model V2,a71ddaed6a8a73f2108e68db56d280ce
566,79,40.21,33.21,3,Keyboard Model V2,a71ddaed6a8a73f2108e68db56d280ce
567,94,115.98,106.98,4,Monitor 23 inch,0240d64baacbdd1a0368a6e62b45c34b
568,40,100.82,89.82,4,Keyboard Model V1,835c4c8731b44067a59fb494deafa60a
569,29,26.04,9.04,2,Keyboard Model V1,835c4c8731b44067a59fb494deafa60a
570,11,72.23,65.23,4,Mouse V2.2,2fe53b6aa260377610aea7e3ad8237e8
571,39,37.73,35.73,4,Keyboard Model V2,a71ddaed6a8a73f2108e68db56d280ce
572,57,126.34,115.34,2,Keyboard Model V3,1742a2dd2b6533099b436b7e4d589144
573,36,46.3,37.3,3,Monitor 27 inch,4d6c6f7b7fb6e8305469f80862988ff8
574,78,71.05,65.05,4,Keyboard Model V3,1742a2dd2b6533099b436b7e4d589144
575,6,117.99,105.99,2,Keyboard Model V2,a71ddaed6a8a73f2108e68db56d280ce
576,64,79.82,64.82,1,Keyboard Model V2,a71ddaed6a8a73f2108e68db56d280ce
577,72,54.38,48.38,3,Mouse V2,82c8eb1d8659fc8ad954a36e0cfff5ed
578,38,123.07,115.07,1,Mouse V2.2,2fe53b6aa260377610aea7e3ad8237e8
579,34,190.39,187.39,3,Keyboard Model V1,835c4c8731b44067a59fb494deafa60a
580,41,18.35,1.35,1,Mouse V2.2,2fe53b6aa260377610aea7e3ad8237e8
581,26,55.48,49.48,2,Keyboard Model V2,a71ddaed6a8a73f2108e68db56d280ce
582,59,139.49,136.49,3,Keyboard Model V3,1742a2dd2b6533099b436b7e4d589144
583,4,187.5,185.5,1,Keyboard Model V3,1742a2dd2b6533099b436b7e4d589144
584,44,135.41,117.41,1,Keyboard Model V1,835c4c8731b44067a59fb494deafa60a
585,58,39.13,20.13,3,Keyboard Model V3,1742a2dd2b6533099b436b7e4d589144
586,19,186.46,178.46,3,Keyboard Model V1,835c4c8731b44067a59fb494deafa60a
587,69,142.45,126.45,2,Monitor 23 inch,0240d64baacbdd1a0368a6e62b45c34b
588,52,161.82,146.82,3,Keyboard Model V2,a71ddaed6a8a73f2108e68db56d280ce
589,5,140.52,132.52,3,Keyboard Model V3,1742a2dd2b6533099b436b7e4d589144
590,74,96.9,88.9,2,Mouse V2,82c8eb1d8659fc8ad954a36e0cfff5ed
591,28,87.5,71.5,1,Monitor 23 inch,0240d64baacbdd1a0368a6e62b45c34b
592,17,38.26,30.26,1,Mouse V2,82c8eb1d8659fc8ad954a36e0cfff5ed
593,31,86.41,78.41,3,Monitor 23 inch,0240d64baacbdd1a0368a6e62b45c34b
594,46,34.22,27.22,1,Mouse V2,82c8eb1d8659fc8ad954a36e0cfff5ed
595,81,56.95,44.95,4,Keyboard Model V3,1742a2dd2b6533099b436b7e4d589144
596,70,123.36,107.36,2,Mouse V2,82c8eb1d8659fc8ad954a36e0cfff5ed
597,24,137.83,134.83,1,Monitor 23 inch,0240d64baacbdd1a0368a6e62b45c34b
598,71,97.81,94.81,2,Monitor 23 inch,0240d64baacbdd1a0368a6e62b45c34b
599,83,135.8,126.8,2,Keyboard Model V2,a71ddaed6a8a73f2108e68db56d280ce
600,3,51.15,39.15,1,Monitor 23 inch,0240d64baacbdd1a0368a6e62b45c34b
601,71,156.84,153.84,4,Keyboard Model V2,a71ddaed6a8a73f2108e68db56d280ce
602,37,55.84,47.84,1,Mouse V2,82c8eb1d8659fc8ad954a36e0cfff5ed
603,64,165.24,147.24,4,Monitor 27 inch,4d6c6f7b7fb6e8305469f80862988ff8
604,16,131.94,127.94,4,Keyboard Model V1,835c4c8731b44067a59fb494deafa60a
605,90,144.51,129.51,2,Keyboard Model V2,a71ddaed6a8a73f2108e68db56d280ce
606,63,38.16,27.16,2,Keyboard Model V2,a71ddaed6a8a73f2108e68db56d280ce
607,76,140.65,126.65,3,Monitor 27 inch,4d6c6f7b7fb6e8305469f80862988ff8
608,98,37.34,20.34,4,Keyboard Model V3,1742a2dd2b6533099b436b7e4d589144
609,50,112.89,100.89,2,Monitor 27 inch,4d6c6f7b7fb6e8305469f80862988ff8
610,62,173.35,169.35,1,Monitor 23 inch,0240d64baacbdd1a0368a6e62b45c34b
611,23,94.79,92.79,3,Keyboard Model V1,835c4c8731b44067a59fb494deafa60a
612,51,98.57,82.57,4,Mouse V2,82c8eb1d8659fc8ad954a36e0cfff5ed
613,33,151.16,139.16,2,Mouse V2.2,2fe53b6aa260377610aea7e3ad8237e8
614,66,159.59,142.59,3,Mouse V2.2,2fe53b6aa260377610aea7e3ad8237e8
615,65,152.26,151.26,2,Keyboard Model V3,1742a2dd2b6533099b436b7e4d589144
616,18,184.3,176.3,2,Monitor 27 inch,4d6c6f7b7fb6e8305469f80862988ff8
617,67,55.11,43.11,4,Monitor 23 inch,0240d64baacbdd1a0368a6e62b45c34b
618,59,62.3,47.3,3,Mouse V2.2,2fe53b6aa260377610aea7e3ad8237e8
619,15,83.9,64.9,4,Keyboard Model V1,835c4c8731b44067a59fb494deafa60a
620,17,123.37,113.37,3,Monitor 23 inch,0240d64baacbdd1a0368a6e62b45c34b
621,47,22.15,17.15,1,Mouse V2,82c8eb1d8659fc8ad954a36e0cfff5ed
622,14,54.2,49.2,2,Monitor 23 inch,0240d64baacbdd1a0368a6e62b45c34b
623,24,163.9,157.9,3,Mouse V2.2,2fe53b6aa260377610aea7e3ad8237e8
624,68,120.64,106.64,2,Mouse V2,82c8eb1d8659fc8ad954a36e0cfff5ed
625,48,195.5,178.5,1,Monitor 23 inch,0240d64baacbdd1a0368a6e62b45c34b
626,5,100.11,95.11,3,Keyboard Model V2,a71ddaed6a8a73f2108e68db56d280ce
627,82,127.26,113.26,3,Keyboard Model V2,a71ddaed6a8a73f2108e68db56d280ce
628,94,100.36,84.36,3,Keyboard Model V1,835c4c8731b44067a59fb494deafa60a
629,13,190.62,172.62,2,Keyboard Model V2,a71ddaed6a8a73f2108e68db56d280ce
630,58,83.02,67.02,2,Keyboard Model V3,1742a2dd2b6533099b436b7e4d589144
631,31,68.83,58.83,1,Monitor 23 inch,0240d64baacbdd1a0368a6e62b45c34b
632,39,87.26,86.26,4,Keyboard Model V3,1742a2dd2b6533099b436b7e4d589144
633,91,185.18,169.18,2,Keyboard Model V1,835c4c8731b44067a59fb494deafa60a
634,52,100.56,97.56,4,Monitor 27 inch,4d6c6f7b7fb6e8305469f80862988ff8
635,78,71.85,68.85,4,Keyboard Model V1,835c4c8731b44067a59fb494deafa60a
636,57,74.99,68.99,2,Monitor 27 inch,4d6c6f7b7fb6e8305469f80862988ff8
637,1,121.07,106.07,4,Keyboard Model V2,a71ddaed6a8a73f2108e68db56d280ce
638,36,84.59,67.59,2,Monitor 23 inch,0240d64baacbdd1a0368a6e62b45c34b
639,22,164.12,150.12,4,Keyboard Model V3,1742a2dd2b6533099b436b7e4d589144
640,79,41.16,33.16,4,Mouse V2.2,2fe53b6aa260377610aea7e3ad8237e8
641,19,75.77,70.77,3,Mouse V2,82c8eb1d8659fc8ad954a36e0cfff5ed
642,29,134.39,118.39,4,Mouse V2.2,2fe53b6aa260377610aea7e3ad8237e8
643,46,138.6,133.6,3,Mouse V2.2,2fe53b6aa260377610aea7e3ad8237e8
644,49,152.52,138.52,3,Keyboard Model V2,a71ddaed6a8a73f2108e68db56d280ce
645,2,43.12,35.12,1,Monitor 27 inch,4d6c6f7b7fb6e8305469f80862988ff8
646,88,100.56,92.56,4,Mouse V2,82c8eb1d8659fc8ad954a36e0cfff5ed
647,81,136.82,127.82,1,Mouse V2,82c8eb1d8659fc8ad954a36e0cfff5ed
648,43,32.59,29.59,2,Keyboard Model V2,a71ddaed6a8a73f2108e68db56d280ce
649,7,115.04,103.04,1,Keyboard Model V1,835c4c8731b44067a59fb494deafa60a
650,40,65.5,53.5,2,Keyboard Model V1,835c4c8731b44067a59fb494deafa60a
651,7,112.46,103.46,2,Keyboard Model V3,1742a2dd2b6533099b436b7e4d589144
652,1,86.65,81.65,4,Keyboard Model V3,1742a2dd2b6533099b436b7e4d589144
653,47,76.29,64.29,2,Keyboard Model V2,a71ddaed6a8a73f2108e68db56d280ce
654,84,116.17,99.17,1,Monitor 23 inch,0240d64baacbdd1a0368a6e62b45c34b
655,98,78.47,63.47,4,Monitor 27 inch,4d6c6f7b7fb6e8305469f80862988ff8
656,69,23.14,6.14,4,Keyboard Model V1,835c4c8731b44067a59fb494deafa60a
657,17,60.01,48.01,1,Keyboard Model V1,835c4c8731b44067a59fb494deafa60a
658,45,45.66,27.66,1,Monitor 23 inch,0240d64baacbdd1a0368a6e62b45c34b
659,72,81.16,62.16,4,Mouse V2.2,2fe53b6aa260377610aea7e3ad8237e8
660,54,45.81,39.81,3,Keyboard Model V2,a71ddaed6a8a73f2108e68db56d280ce
661,20,54.37,41.37,2,Monitor 23 inch,0240d64baacbdd1a0368a6e62b45c34b
662,3,147.96,143.96,2,Mouse V2,82c8eb1d8659fc8ad954a36e0cfff5ed
663,56,126.11,109.11,2,Keyboard Model V1,835c4c8731b44067a59fb494deafa60a
664,76,194.56,183.56,4,Mouse V2,82c8eb1d8659fc8ad954a36e0cfff5ed
665,39,25.98,6.98,1,Keyboard Model V3,1742a2dd2b6533099b436b7e4d589144
666,30,27.13,9.13,3,Keyboard Model V2,a71ddaed6a8a73f2108e68db56d280ce
667,29,145.55,142.55,3,Mouse V2.2,2fe53b6aa260377610aea7e3ad8237e8
668,38,57.24,38.24,3,Keyboard Model V3,1742a2dd2b6533099b436b7e4d589144
669,71,41.99,23.99,3,Keyboard Model V2,a71ddaed6a8a73f2108e68db56d280ce
670,21,192.54,186.54,1,Monitor 23 inch,0240d64baacbdd1a0368a6e62b45c34b
671,80,91.99,86.99,3,Monitor 27 inch,4d6c6f7b7fb6e8305469f80862988ff8
672,97,58.49,49.49,1,Mouse V2.2,2fe53b6aa260377610aea7e3ad8237e8
673,37,96.53,94.53,3,Monitor 27 inch,4d6c6f7b7fb6e8305469f80862988ff8
674,77,78.99,72.99,2,Monitor 27 inch,4d6c6f7b7fb6e8305469f80862988ff8
675,67,75.89,61.89,1,Monitor 27 inch,4d6c6f7b7fb6e8305469f80862988ff8
676,32,39.39,23.39,3,Mouse V2.2,2fe53b6aa260377610aea7e3ad8237e8
677,12,98.5,82.5,2,Keyboard Model V3,1742a2dd2b6533099b436b7e4d589144
678,35,168.65,161.65,3,Keyboard Model V2,a71ddaed6a8a73f2108e68db56d280ce
679,27,129.11,113.11,3,Keyboard Model V2,a71ddaed6a8a73f2108e68db56d280ce
680,94,89.96,70.96,1,Keyboard Model V1,835c4c8731b44067a59fb494deafa60a
681,26,63.26,61.26,1,Keyboard Model V2,a71ddaed6a8a73f2108e68db56d280ce
682,33,197.48,194.48,4,Keyboard Model V3,1742a2dd2b6533099b436b7e4d589144
683,2,195.51,194.51,1,Keyboard Model V1,835c4c8731b44067a59fb494deafa60a
684,79,126.48,118.48,4,Mouse V2,82c8eb1d8659fc8ad954a36e0cfff5ed
685,73,31.96,13.96,4,Mouse V2,82c8eb1d8659fc8ad954a36e0cfff5ed
686,36,145.96,135.96,1,Keyboard Model V3,1742a2dd2b6533099b436b7e4d589144
687,31,24.73,18.73,3,Keyboard Model V3,1742a2dd2b6533099b436b7e4d589144
688,55,26.22,11.22,4,Monitor 27 inch,4d6c6f7b7fb6e8305469f80862988ff8
689,9,131.82,116.82,2,Mouse V2.2,2fe53b6aa260377610aea7e3ad8237e8
690,59,126.88,118.88,2,Keyboard Model V3,1742a2dd2b6533099b436b7e4d589144
691,16,170.92,163.92,4,Keyboard Model V3,1742a2dd2b6533099b436b7e4d589144
692,43,120.0,118.0,2,Keyboard Model V3,1742a2dd2b6533099b436b7e4d589144
693,44,60.61,51.61,2,Mouse V2,82c8eb1d8659fc8ad954a36e0cfff5ed
694,49,85.12,77.12,3,Monitor 23 inch,0240d64baacbdd1a0368a6e62b45c34b
695,92,111.26,109.26,1,Keyboard Model V3,1742a2dd2b6533099b436b7e4d589144
696,46,28.79,20.79,4,Keyboard Model V1,835c4c8731b44067a59fb494deafa60a
697,4,31.45,25.45,1,Monitor 27 inch,4d6c6f7b7fb6e8305469f80862988ff8
698,14,29.89,18.89,4,Mouse V2,82c8eb1d8659fc8ad954a36e0cfff5ed
699,64,177.83,168.83,3,Keyboard Model V1,835c4c8731b44067a59fb494deafa60a
700,10,105.51,94.51,4,Keyboard Model V2,a71ddaed6a8a73f2108e68db56d280ce
701,46,30.61,21.61,3,Monitor 27 inch,4d6c6f7b7fb6e8305469f80862988ff8
702,84,112.54,96.54,2,Monitor 23 inch,0240d64baacbdd1a0368a6e62b45c34b
703,81,83.7,71.7,1,Keyboard Model V3,1742a2dd2b6533099b436b7e4d589144
704,97,101.86,94.86,1,Keyboard Model V1,835c4c8731b44067a59fb494deafa60a
705,23,163.55,147.55,1,Mouse V2,82c8eb1d8659fc8ad954a36e0cfff5ed
706,39,115.7,101.7,3,Mouse V2.2,2fe53b6aa260377610aea7e3ad8237e8
707,56,77.51,76.51,3,Monitor 27 inch,4d6c6f7b7fb6e8305469f80862988ff8
708,85,78.64,63.64,1,Mouse V2,82c8eb1d8659fc8ad954a36e0cfff5ed
709,76,112.46,102.46,3,Monitor 23 inch,0240d64baacbdd1a0368a6e62b45c34b
710,38,131.87,118.87,2,Keyboard Model V1,835c4c8731b44067a59fb494deafa60a
711,89,81.5,80.5,4,Monitor 27 inch,4d6c6f7b7fb6e8305469f80862988ff8
712,94,37.96,33.96,2,Mouse V2,82c8eb1d8659fc8ad954a36e0cfff5ed
713,74,59.68,42.68,3,Keyboard Model V3,1742a2dd2b6533099b436b7e4d589144
714,28,87.63,68.63,3,Monitor 27 inch,4d6c6f7b7fb6e8305469f80862988ff8
715,20,159.99,142.99,1,Mouse V2,82c8eb1d8659fc8ad954a36e0cfff5ed
716,83,55.88,43.88,2,Monitor 23 inch,0240d64baacbdd1a0368a6e62b45c34b
717,82,97.03,85.03,4,Keyboard Model V1,835c4c8731b44067a59fb494deafa60a
718,60,25.4,16.4,1,Monitor 23 inch,0240d64baacbdd1a0368a6e62b45c34b
719,24,54.69,53.69,1,Keyboard Model V2,a71ddaed6a8a73f2108e68db56d280ce
720,93,186.55,185.55,4,Monitor 27 inch,4d6c6f7b7fb6e8305469f80862988ff8
721,2,132.95,114.95,4,Mouse V2.2,2fe53b6aa260377610aea7e3ad8237e8
722,32,111.63,98.63,2,Monitor 23 inch,0240d64baacbdd1a0368a6e62b45c34b
723,65,113.8,108.8,4,Mouse V2.2,2fe53b6aa260377610aea7e3ad8237e8
724,34,95.22,87.22,3,Mouse V2.2,2fe53b6aa260377610aea7e3ad8237e8
725,29,21.44,19.44,4,Mouse V2,82c8eb1d8659fc8ad954a36e0cfff5ed
726,36,54.27,50.27,3,Monitor 27 inch,4d6c6f7b7fb6e8305469f80862988ff8
727,9,152.06,133.06,2,Mouse V2.2,2fe53b6aa260377610aea7e3ad8237e8
728,14,51.27,37.27,3,Keyboard Model V1,835c4c8731b44067a59fb494deafa60a
729,49,26.96,14.96,2,Monitor 27 inch,4d6c6f7b7fb6e8305469f80862988ff8
730,37,44.83,34.83,1,Monitor 27 inch,4d6c6f7b7fb6e8305469f80862988ff8
731,35,198.52,191.52,1,Monitor 27 inch,4d6c6f7b7fb6e8305469f80862988ff8
732,100,88.79,82.79,3,Keyboard Model V2,a71ddaed6a8a73f2108e68db56d280ce
733,19,23.26,11.26,4,Keyboard Model V1,835c4c8731b44067a59fb494deafa60a
734,41,22.02,6.02,3,Keyboard Model V3,1742a2dd2b6533099b436b7e4d589144
735,40,98.66,89.66,1,Monitor 23 inch,0240d64baacbdd1a0368a6e62b45c34b
736,1,40.72,37.72,4,Mouse V2,82c8eb1d8659fc8ad954a36e0cfff5ed
737,12,178.08,169.08,2,Monitor 23 inch,0240d64baacbdd1a0368a6e62b45c34b
738,71,144.31,133.31,4,Monitor 27 inch,4d6c6f7b7fb6e8305469f80862988ff8
739,59,70.27,52.27,4,Monitor 27 inch,4d6c6f7b7fb6e8305469f80862988ff8
740,42,40.58,35.58,2,Keyboard Model V2,a71ddaed6a8a73f2108e68db56d280ce
741,4,50.35,45.35,1,Mouse V2.2,2fe53b6aa260377610aea7e3ad8237e8
742,5,169.92,159.92,3,Keyboard Model V2,a71ddaed6a8a73f2108e68db56d280ce
743,48,41.68,30.68,3,Keyboard Model V2,a71ddaed6a8a73f2108e68db56d280ce
744,91,68.32,67.32,4,Monitor 27 inch,4d6c6f7b7fb6e8305469f80862988ff8
745,22,39.88,38.88,3,Keyboard Model V2,a71ddaed6a8a73f2108e68db56d280ce
746,64,189.11,181.11,4,Keyboard Model V1,835c4c8731b44067a59fb494deafa60a
747,17,20.58,5.58,2,Keyboard Model V1,835c4c8731b44067a59fb494deafa60a
748,43,167.42,161.42,4,Monitor 27 inch,4d6c6f7b7fb6e8305469f80862988ff8
749,88,155.16,154.16,2,Keyboard Model V2,a71ddaed6a8a73f2108e68db56d280ce
750,79,61.92,50.92,2,Mouse V2,82c8eb1d8659fc8ad954a36e0cfff5ed
751,40,122.24,119.24,1,Keyboard Model V3,1742a2dd2b6533099b436b7e4d589144
752,22,88.88,82.88,2,Mouse V2.2,2fe53b6aa260377610aea7e3ad8237e8
753,26,104.53,86.53,2,Monitor 27 inch,4d6c6f7b7fb6e8305469f80862988ff8
754,34,192.55,173.55,3,Mouse V2.2,2fe53b6aa260377610aea7e3ad8237e8
755,21,180.15,170.15,3,Keyboard Model V2,a71ddaed6a8a73f2108e68db56d280ce
756,16,94.05,75.05,3,Keyboard Model V2,a71ddaed6a8a73f2108e68db56d280ce
757,69,31.72,19.72,3,Keyboard Model V2,a71ddaed6a8a73f2108e68db56d280ce
758,9,45.17,39.17,2,Monitor 27 inch,4d6c6f7b7fb6e8305469f80862988ff8
759,67,195.54,184.54,3,Keyboard Model V2,a71ddaed6a8a73f2108e68db56d280ce
760,47,25.99,19.99,2,Mouse V2.2,2fe53b6aa260377610aea7e3ad8237e8
761,18,120.7,106.7,3,Keyboard Model V2,a71ddaed6a8a73f2108e68db56d280ce
762,77,100.08,84.08,2,Keyboard Model V1,835c4c8731b44067a59fb494deafa60a
763,20,59.44,58.44,3,Monitor 23 inch,0240d64baacbdd1a0368a6e62b45c34b
764,82,55.67,38.67,4,Mouse V2,82c8eb1d8659fc8ad954a36e0cfff5ed
765,76,41.33,36.33,3,Keyboard Model V2,a71ddaed6a8a73f2108e68db56d280ce
766,73,116.9,101.9,2,Keyboard Model V1,835c4c8731b44067a59fb494deafa60a
767,64,31.11,14.11,2,Mouse V2,82c8eb1d8659fc8ad954a36e0cfff5ed
768,78,37.71,22.71,3,Monitor 27 inch,4d6c6f7b7fb6e8305469f80862988ff8
769,91,194.51,181.51,3,Keyboard Model V3,1742a2dd2b6533099b436b7e4d589144
770,24,57.21,41.21,1,Mouse V2.2,2fe53b6aa260377610aea7e3ad8237e8
771,58,178.93,166.93,1,Monitor 27 inch,4d6c6f7b7fb6e8305469f80862988ff8
772,66,87.85,70.85,4,Mouse V2,82c8eb1d8659fc8ad954a36e0cfff5ed
773,65,55.37,52.37,3,Keyboard Model V1,835c4c8731b44067a59fb494deafa60a
774,52,63.48,50.48,1,Mouse V2,82c8eb1d8659fc8ad954a36e0cfff5ed
775,87,119.78,117.78,3,Mouse V2,82c8eb1d8659fc8ad954a36e0cfff5ed
776,33,174.41,163.41,4,Keyboard Model V1,835c4c8731b44067a59fb494deafa60a
777,84,47.14,37.14,3,Keyboard Model V3,1742a2dd2b6533099b436b7e4d589144
778,60,65.18,54.18,1,Mouse V2.2,2fe53b6aa260377610aea7e3ad8237e8
779,10,74.77,70.77,2,Keyboard Model V1,835c4c8731b44067a59fb494deafa60a
780,42,80.63,64.63,2,Mouse V2,82c8eb1d8659fc8ad954a36e0cfff5ed
781,7,88.42,84.42,4,Mouse V2,82c8eb1d8659fc8ad954a36e0cfff5ed
782,75,99.37,80.37,2,Monitor 27 inch,4d6c6f7b7fb6e8305469f80862988ff8
783,30,155.45,141.45,2,Mouse V2,82c8eb1d8659fc8ad954a36e0cfff5ed
784,53,150.36,131.36,1,Monitor 23 inch,0240d64baacbdd1a0368a6e62b45c34b
785,81,188.05,173.05,1,Mouse V2.2,2fe53b6aa260377610aea7e3ad8237e8
786,51,64.87,50.87,3,Mouse V2,82c8eb1d8659fc8ad954a36e0cfff5ed
787,68,86.6,76.6,1,Keyboard Model V2,a71ddaed6a8a73f2108e68db56d280ce
788,5,153.3,144.3,4,Monitor 23 inch,0240d64baacbdd1a0368a6e62b45c34b
789,71,121.89,103.89,4,Mouse V2,82c8eb1d8659fc8ad954a36e0cfff5ed
790,59,102.33,94.33,4,Monitor 23 inch,0240d64baacbdd1a0368a6e62b45c34b
791,56,193.24,189.24,3,Mouse V2.2,2fe53b6aa260377610aea7e3ad8237e8
792,86,33.35,20.35,2,Keyboard Model V3,1742a2dd2b6533099b436b7e4d589144
793,38,185.2,166.2,1,Keyboard Model V2,a71ddaed6a8a73f2108e68db56d280ce
794,96,124.37,113.37,4,Monitor 27 inch,4d6c6f7b7fb6e8305469f80862988ff8
795,28,109.46,95.46,4,Keyboard Model V2,a71ddaed6a8a73f2108e68db56d280ce
796,13,37.55,22.55,1,Monitor 23 inch,0240d64baacbdd1a0368a6e62b45c34b
797,36,63.0,52.0,1,Keyboard Model V3,1742a2dd2b6533099b436b7e4d589144
798,14,39.54,31.54,4,Monitor 23 inch,0240d64baacbdd1a0368a6e62b45c34b
799,80,103.43,95.43,1,Mouse V2,82c8eb1d8659fc8ad954a36e0cfff5ed
800,19,49.37,36.37,1,Mouse V2,82c8eb1d8659fc8ad954a36e0cfff5ed
801,69,97.76,80.76,2,Mouse V2,82c8eb1d8659fc8ad954a36e0cfff5ed
802,68,82.89,63.89,1,Monitor 27 inch,4d6c6f7b7fb6e8305469f80862988ff8
803,42,25.75,19.75,1,Keyboard Model V3,1742a2dd2b6533099b436b7e4d589144
804,44,168.0,167.0,1,Mouse V2,82c8eb1d8659fc8ad954a36e0cfff5ed
805,60,43.1,27.1,2,Mouse V2,82c8eb1d8659fc8ad954a36e0cfff5ed
806,98,154.14,137.14,2,Keyboard Model V3,1742a2dd2b6533099b436b7e4d589144
807,46,38.39,36.39,3,Keyboard Model V1,835c4c8731b44067a59fb494deafa60a
808,6,62.72,53.72,2,Monitor 27 inch,4d6c6f7b7fb6e8305469f80862988ff8
809,20,184.12,174.12,1,Mouse V2.2,2fe53b6aa260377610aea7e3ad8237e8
810,12,177.11,174.11,3,Monitor 23 inch,0240d64baacbdd1a0368a6e62b45c34b
811,83,196.87,191.87,4,Mouse V2,82c8eb1d8659fc8ad954a36e0cfff5ed
812,45,104.44,92.44,4,Keyboard Model V3,1742a2dd2b6533099b436b7e4d589144
813,35,120.67,111.67,4,Mouse V2.2,2fe53b6aa260377610aea7e3ad8237e8
814,80,184.27,172.27,2,Keyboard Model V2,a71ddaed6a8a73f2108e68db56d280ce
815,15,175.27,158.27,2,Mouse V2,82c8eb1d8659fc8ad954a36e0cfff5ed
816,7,157.16,141.16,2,Mouse V2.2,2fe53b6aa260377610aea7e3ad8237e8
817,22,52.75,42.75,3,Keyboard Model V1,835c4c8731b44067a59fb494deafa60a
818,75,21.25,14.25,1,Mouse V2,82c8eb1d8659fc8ad954a36e0cfff5ed
819,41,77.49,72.49,1,Monitor 27 inch,4d6c6f7b7fb6e8305469f80862988ff8
820,64,19.85,0.85,2,Monitor 23 inch,0240d64baacbdd1a0368a6e62b45c34b
821,97,167.33,164.33,4,Monitor 23 inch,0240d64baacbdd1a0368a6e62b45c34b
822,2,68.69,54.69,1,Mouse V2,82c8eb1d8659fc8ad954a36e0cfff5ed
823,29,26.38,9.38,1,Mouse V2,82c8eb1d8659fc8ad954a36e0cfff5ed
824,13,118.83,100.83,2,Monitor 27 inch,4d6c6f7b7fb6e8305469f80862988ff8
825,26,184.35,171.35,2,Mouse V2,82c8eb1d8659fc8ad954a36e0cfff5ed
826,89,67.58,57.58,4,Keyboard Model V1,835c4c8731b44067a59fb494deafa60a
827,18,128.47,121.47,3,Keyboard Model V3,1742a2dd2b6533099b436b7e4d589144
828,49,155.11,153.11,2,Keyboard Model V1,835c4c8731b44067a59fb494deafa60a
829,86,103.72,94.72,1,Mouse V2,82c8eb1d8659fc8ad954a36e0cfff5ed
830,82,71.79,58.79,2,Keyboard Model V3,1742a2dd2b6533099b436b7e4d589144
831,90,190.39,178.39,4,Mouse V2,82c8eb1d8659fc8ad954a36e0cfff5ed
832,39,19.77,4.77,3,Keyboard Model V2,a71ddaed6a8a73f2108e68db56d280ce
833,21,89.11,81.11,3,Keyboard Model V2,a71ddaed6a8a73f2108e68db56d280ce
834,66,34.55,28.55,2,Mouse V2,82c8eb1d8659fc8ad954a36e0cfff5ed
835,77,135.42,124.42,4,Monitor 27 inch,4d6c6f7b7fb6e8305469f80862988ff8
836,81,99.96,84.96,4,Monitor 27 inch,4d6c6f7b7fb6e8305469f80862988ff8
837,55,178.37,163.37,1,Keyboard Model V1,835c4c8731b44067a59fb494deafa60a
838,74,101.46,82.46,4,Keyboard Model V2,a71ddaed6a8a73f2108e68db56d280ce
839,32,128.79,112.79,3,Mouse V2,82c8eb1d8659fc8ad954a36e0cfff5ed
840,33,156.49,140.49,2,Keyboard Model V1,835c4c8731b44067a59fb494deafa60a
841,14,165.93,159.93,4,Mouse V2,82c8eb1d8659fc8ad954a36e0cfff5ed
842,73,173.66,163.66,1,Mouse V2,82c8eb1d8659fc8ad954a36e0cfff5ed
843,79,152.03,138.03,3,Mouse V2.2,2fe53b6aa260377610aea7e3ad8237e8
844,19,41.69,24.69,2,Keyboard Model V1,835c4c8731b44067a59fb494deafa60a
845,11,86.99,77.99,4,Keyboard Model V1,835c4c8731b44067a59fb494deafa60a
846,8,113.47,111.47,3,Monitor 23 inch,0240d64baacbdd1a0368a6e62b45c34b
847,27,199.1,193.1,3,Monitor 23 inch,0240d64baacbdd1a0368a6e62b45c34b
848,37,175.69,170.69,4,Mouse V2,82c8eb1d8659fc8ad954a36e0cfff5ed
849,40,63.33,60.33,2,Monitor 23 inch,0240d64baacbdd1a0368a6e62b45c34b
850,67,177.57,168.57,3,Monitor 23 inch,0240d64baacbdd1a0368a6e62b45c34b
851,88,80.39,70.39,3,Mouse V2.2,2fe53b6aa260377610aea7e3ad8237e8
852,34,177.66,168.66,1,Keyboard Model V2,a71ddaed6a8a73f2108e68db56d280ce
853,62,150.18,137.18,1,Mouse V2.2,2fe53b6aa260377610aea7e3ad8237e8
854,71,114.37,102.37,3,Mouse V2,82c8eb1d8659fc8ad954a36e0cfff5ed
855,19,28.54,18.54,1,Monitor 27 inch,4d6c6f7b7fb6e8305469f80862988ff8
856,3,34.52,15.52,1,Keyboard Model V3,1742a2dd2b6533099b436b7e4d589144
857,61,31.11,29.11,1,Keyboard Model V2,a71ddaed6a8a73f2108e68db56d280ce
858,56,60.4,45.4,3,Keyboard Model V3,1742a2dd2b6533099b436b7e4d589144
859,25,81.09,67.09,3,Keyboard Model V2,a71ddaed6a8a73f2108e68db56d280ce
860,22,168.08,159.08,4,Monitor 23 inch,0240d64baacbdd1a0368a6e62b45c34b
861,5,101.18,83.18,3,Keyboard Model V1,835c4c8731b44067a59fb494deafa60a
862,74,56.25,42.25,4,Mouse V2,82c8eb1d8659fc8ad954a36e0cfff5ed
863,90,65.32,57.32,3,Keyboard Model V3,1742a2dd2b6533099b436b7e4d589144
864,46,27.76,26.76,2,Monitor 23 inch,0240d64baacbdd1a0368a6e62b45c34b
865,13,40.52,39.52,1,Keyboard Model V2,a71ddaed6a8a73f2108e68db56d280ce
866,94,131.53,122.53,1,Keyboard Model V3,1742a2dd2b6533099b436b7e4d589144
867,36,140.56,137.56,4,Mouse V2,82c8eb1d8659fc8ad954a36e0cfff5ed
868,20,57.82,46.82,4,Monitor 27 inch,4d6c6f7b7fb6e8305469f80862988ff8
869,80,45.71,41.71,2,Keyboard Model V1,835c4c8731b44067a59fb494deafa60a
870,60,128.14,114.14,1,Mouse V2.2,2fe53b6aa260377610aea7e3ad8237e8
871,35,129.97,117.97,2,Keyboard Model V2,a71ddaed6a8a73f2108e68db56d280ce
872,55,131.04,126.04,2,Monitor 27 inch,4d6c6f7b7fb6e8305469f80862988ff8
873,11,129.86,113.86,2,Keyboard Model V1,835c4c8731b44067a59fb494deafa60a
874,63,86.93,72.93,2,Monitor 27 inch,4d6c6f7b7fb6e8305469f80862988ff8
875,53,84.16,67.16,1,Monitor 27 inch,4d6c6f7b7fb6e8305469f80862988ff8
876,31,129.45,117.45,2,Monitor 23 inch,0240d64baacbdd1a0368a6e62b45c34b
877,86,48.62,34.62,2,Keyboard Model V3,1742a2dd2b6533099b436b7e4d589144
878,66,179.15,162.15,1,Keyboard Model V1,835c4c8731b44067a59fb494deafa60a
879,4,189.35,178.35,3,Keyboard Model V2,a71ddaed6a8a73f2108e68db56d280ce
880,14,35.18,26.18,2,Monitor 27 inch,4d6c6f7b7fb6e8305469f80862988ff8
881,21,45.32,39.32,3,Mouse V2.2,2fe53b6aa260377610aea7e3ad8237e8
882,7,173.78,163.78,1,Monitor 27 inch,4d6c6f7b7fb6e8305469f80862988ff8
883,50,182.3,175.3,3,Monitor 23 inch,0240d64baacbdd1a0368a6e62b45c34b
884,76,69.72,67.72,1,Keyboard Model V3,1742a2dd2b6533099b436b7e4d589144
885,96,104.36,99.36,3,Monitor 27 inch,4d6c6f7b7fb6e8305469f80862988ff8
886,49,72.27,55.27,2,Keyboard Model V3,1742a2dd2b6533099b436b7e4d589144
887,59,152.11,139.11,1,Monitor 27 inch,4d6c6f7b7fb6e8305469f80862988ff8
888,83,120.15,115.15,4,Monitor 23 inch,0240d64baacbdd1a0368a6e62b45c34b
889,8,61.25,45.25,1,Keyboard Model V1,835c4c8731b44067a59fb494deafa60a
890,97,145.67,127.67,1,Keyboard Model V3,1742a2dd2b6533099b436b7e4d589144
891,17,71.54,60.54,3,Mouse V2.2,2fe53b6aa260377610aea7e3ad8237e8
892,33,24.56,12.56,3,Mouse V2.2,2fe53b6aa260377610aea7e3ad8237e8
893,85,176.39,173.39,4,Keyboard Model V1,835c4c8731b44067a59fb494deafa60a
894,37,108.87,89.87,1,Mouse V2.2,2fe53b6aa260377610aea7e3ad8237e8
895,29,182.13,176.13,1,Keyboard Model V3,1742a2dd2b6533099b436b7e4d589144
896,64,95.37,83.37,3,Mouse V2,82c8eb1d8659fc8ad954a36e0cfff5ed
897,52,84.86,71.86,4,Mouse V2.2,2fe53b6aa260377610aea7e3ad8237e8
898,44,94.23,93.23,3,Keyboard Model V1,835c4c8731b44067a59fb494deafa60a
899,91,139.55,123.55,4,Keyboard Model V1,835c4c8731b44067a59fb494deafa60a
900,43,198.03,187.03,4,Keyboard Model V3,1742a2dd2b6533099b436b7e4d589144
901,78,143.61,127.61,2,Monitor 23 inch,0240d64baacbdd1a0368a6e62b45c34b
902,61,178.18,169.18,2,Mouse V2,82c8eb1d8659fc8ad954a36e0cfff5ed
903,72,39.72,27.72,4,Keyboard Model V2,a71ddaed6a8a73f2108e68db56d280ce
904,30,28.97,19.97,1,Monitor 27 inch,4d6c6f7b7fb6e8305469f80862988ff8
905,46,159.58,145.58,4,Mouse V2,82c8eb1d8659fc8ad954a36e0cfff5ed
906,33,169.13,168.13,3,Keyboard Model V2,a71ddaed6a8a73f2108e68db56d280ce
907,28,142.1,131.1,3,Keyboard Model V1,835c4c8731b44067a59fb494deafa60a
908,81,34.99,19.99,4,Keyboard Model V3,1742a2dd2b6533099b436b7e4d589144
909,21,34.43,26.43,4,Mouse V2.2,2fe53b6aa260377610aea7e3ad8237e8
910,64,27.37,10.37,4,Keyboard Model V1,835c4c8731b44067a59fb494deafa60a
911,92,63.57,45.57,2,Mouse V2.2,2fe53b6aa260377610aea7e3ad8237e8
912,71,105.05,91.05,2,Mouse V2.2,2fe53b6aa260377610aea7e3ad8237e8
913,18,118.51,116.51,4,Mouse V2,82c8eb1d8659fc8ad954a36e0cfff5ed
914,57,90.97,71.97,4,Keyboard Model V1,835c4c8731b44067a59fb494deafa60a
915,17,102.93,84.93,2,Keyboard Model V1,835c4c8731b44067a59fb494deafa60a
916,76,31.93,19.93,1,Mouse V2.2,2fe53b6aa260377610aea7e3ad8237e8
917,2,67.5,61.5,3,Keyboard Model V1,835c4c8731b44067a59fb494deafa60a
918,44,187.62,186.62,4,Keyboard Model V2,a71ddaed6a8a73f2108e68db56d280ce
919,93,136.56,131.56,2,Keyboard Model V1,835c4c8731b44067a59fb494deafa60a
920,41,119.48,102.48,4,Keyboard Model V3,1742a2dd2b6533099b436b7e4d589144
921,98,38.57,25.57,4,Mouse V2.2,2fe53b6aa260377610aea7e3ad8237e8
922,3,112.71,106.71,3,Keyboard Model V2,a71ddaed6a8a73f2108e68db56d280ce
923,52,191.62,186.62,2,Keyboard Model V1,835c4c8731b44067a59fb494deafa60a
924,84,109.79,99.79,2,Mouse V2.2,2fe53b6aa260377610aea7e3ad8237e8
925,59,141.82,123.82,1,Monitor 23 inch,0240d64baacbdd1a0368a6e62b45c34b
926,12,134.84,123.84,1,Mouse V2,82c8eb1d8659fc8ad954a36e0cfff5ed
927,95,134.76,119.76,2,Keyboard Model V3,1742a2dd2b6533099b436b7e4d589144
928,4,143.54,137.54,2,Keyboard Model V3,1742a2dd2b6533099b436b7e4d589144
929,7,85.14,73.14,1,Mouse V2.2,2fe53b6aa260377610aea7e3ad8237e8
930,42,130.1,122.1,2,Monitor 27 inch,4d6c6f7b7fb6e8305469f80862988ff8
931,53,88.04,87.04,3,Keyboard Model V2,a71ddaed6a8a73f2108e68db56d280ce
932,25,140.55,131.55,2,Mouse V2,82c8eb1d8659fc8ad954a36e0cfff5ed
933,37,81.88,66.88,1,Keyboard Model V1,835c4c8731b44067a59fb494deafa60a
934,35,130.68,113.68,4,Keyboard Model V2,a71ddaed6a8a73f2108e68db56d280ce
935,13,123.19,106.19,4,Keyboard Model V3,1742a2dd2b6533099b436b7e4d589144
936,55,134.09,133.09,3,Monitor 23 inch,0240d64baacbdd1a0368a6e62b45c34b
937,90,186.97,177.97,3,Keyboard Model V2,a71ddaed6a8a73f2108e68db56d280ce
938,69,162.45,159.45,2,Keyboard Model V3,1742a2dd2b6533099b436b7e4d589144
939,87,26.65,7.65,4,Mouse V2,82c8eb1d8659fc8ad954a36e0cfff5ed
940,36,113.68,109.68,3,Keyboard Model V3,1742a2dd2b6533099b436b7e4d589144
941,8,118.81,106.81,2,Keyboard Model V1,835c4c8731b44067a59fb494deafa60a
942,68,83.72,78.72,3,Keyboard Model V3,1742a2dd2b6533099b436b7e4d589144
943,99,197.72,192.72,2,Keyboard Model V2,a71ddaed6a8a73f2108e68db56d280ce
944,85,134.91,127.91,4,Keyboard Model V1,835c4c8731b44067a59fb494deafa60a
945,77,97.03,85.03,1,Monitor 27 inch,4d6c6f7b7fb6e8305469f80862988ff8
946,75,181.44,179.44,2,Keyboard Model V1,835c4c8731b44067a59fb494deafa60a
947,9,85.44,75.44,2,Monitor 23 inch,0240d64baacbdd1a0368a6e62b45c34b
948,31,123.52,115.52,4,Monitor 27 inch,4d6c6f7b7fb6e8305469f80862988ff8
949,34,46.65,27.65,3,Keyboard Model V2,a71ddaed6a8a73f2108e68db56d280ce
950,100,120.17,112.17,3,Monitor 27 inch,4d6c6f7b7fb6e8305469f80862988ff8
951,80,55.29,38.29,4,Monitor 27 inch,4d6c6f7b7fb6e8305469f80862988ff8
952,18,41.48,29.48,2,Keyboard Model V3,1742a2dd2b6533099b436b7e4d589144
953,90,79.59,61.59,1,Keyboard Model V1,835c4c8731b44067a59fb494deafa60a
954,95,144.48,132.48,2,Keyboard Model V3,1742a2dd2b6533099b436b7e4d589144
955,43,117.85,103.85,1,Mouse V2,82c8eb1d8659fc8ad954a36e0cfff5ed
956,70,47.48,44.48,2,Mouse V2.2,2fe53b6aa260377610aea7e3ad8237e8
957,78,163.75,147.75,1,Monitor 23 inch,0240d64baacbdd1a0368a6e62b45c34b
958,26,57.09,44.09,1,Mouse V2.2,2fe53b6aa260377610aea7e3ad8237e8
959,81,42.47,41.47,4,Keyboard Model V2,a71ddaed6a8a73f2108e68db56d280ce
960,54,143.52,139.52,4,Keyboard Model V1,835c4c8731b44067a59fb494deafa60a
961,99,181.52,164.52,1,Keyboard Model V2,a71ddaed6a8a73f2108e68db56d280ce
962,47,100.72,95.72,2,Mouse V2,82c8eb1d8659fc8ad954a36e0cfff5ed
963,84,164.71,147.71,4,Mouse V2.2,2fe53b6aa260377610aea7e3ad8237e8
964,71,122.13,113.13,2,Keyboard Model V2,a71ddaed6a8a73f2108e68db56d280ce
965,66,165.41,146.41,4,Keyboard Model V3,1742a2dd2b6533099b436b7e4d589144
966,82,20.39,6.39,2,Mouse V2,82c8eb1d8659fc8ad954a36e0cfff5ed
967,30,190.34,182.34,2,Mouse V2.2,2fe53b6aa260377610aea7e3ad8237e8
968,67,42.03,39.03,2,Mouse V2.2,2fe53b6aa260377610aea7e3ad8237e8
969,21,17.99,11.99,1,Keyboard Model V1,835c4c8731b44067a59fb494deafa60a
970,44,164.1,147.1,2,Monitor 27 inch,4d6c6f7b7fb6e8305469f80862988ff8
971,79,146.05,128.05,2,Mouse V2.2,2fe53b6aa260377610aea7e3ad8237e8
972,37,33.14,26.14,4,Monitor 23 inch,0240d64baacbdd1a0368a6e62b45c34b
973,24,48.9,46.9,2,Mouse V2.2,2fe53b6aa260377610aea7e3ad8237e8
974,41,142.42,129.42,3,Keyboard Model V1,835c4c8731b44067a59fb494deafa60a
975,46,71.02,69.02,1,Monitor 23 inch,0240d64baacbdd1a0368a6e62b45c34b
976,9,36.1,24.1,2,Monitor 27 inch,4d6c6f7b7fb6e8305469f80862988ff8
977,69,179.91,167.91,3,Mouse V2,82c8eb1d8659fc8ad954a36e0cfff5ed
978,10,17.22,4.22,2,Keyboard Model V3,1742a2dd2b6533099b436b7e4d589144
979,32,145.71,134.71,2,Monitor 27 inch,4d6c6f7b7fb6e8305469f80862988ff8
980,52,127.23,122.23,4,Mouse V2.2,2fe53b6aa260377610aea7e3ad8237e8
981,5,66.56,65.56,3,Keyboard Model V2,a71ddaed6a8a73f2108e68db56d280ce
982,19,184.75,183.75,3,Keyboard Model V3,1742a2dd2b6533099b436b7e4d589144
983,39,38.86,23.86,4,Monitor 27 inch,4d6c6f7b7fb6e8305469f80862988ff8
984,22,184.06,180.06,3,Keyboard Model V2,a71ddaed6a8a73f2108e68db56d280ce
985,42,63.72,52.72,3,Monitor 27 inch,4d6c6f7b7fb6e8305469f80862988ff8
986,49,68.45,67.45,3,Keyboard Model V1,835c4c8731b44067a59fb494deafa60a
987,94,118.92,111.92,2,Monitor 27 inch,4d6c6f7b7fb6e8305469f80862988ff8
988,14,58.36,49.36,2,Mouse V2.2,2fe53b6aa260377610aea7e3ad8237e8
989,45,49.74,42.74,1,Keyboard Model V1,835c4c8731b44067a59fb494deafa60a
990,7,175.05,166.05,1,Keyboard Model V3,1742a2dd2b6533099b436b7e4d589144
991,91,48.14,30.14,3,Keyboard Model V3,1742a2dd2b6533099b436b7e4d589144
992,60,70.28,63.28,1,Monitor 27 inch,4d6c6f7b7fb6e8305469f80862988ff8
993,61,145.07,131.07,3,Monitor 23 inch,0240d64baacbdd1a0368a6e62b45c34b
994,85,188.68,187.68,1,Keyboard Model V3,1742a2dd2b6533099b436b7e4d589144
995,3,89.31,85.31,3,Mouse V2,82c8eb1d8659fc8ad954a36e0cfff5ed
996,16,35.47,23.47,4,Monitor 27 inch,4d6c6f7b7fb6e8305469f80862988ff8
997,28,97.87,95.87,1,Mouse V2,82c8eb1d8659fc8ad954a36e0cfff5ed
998,23,123.63,110.63,3,Keyboard Model V1,835c4c8731b44067a59fb494deafa60a
999,11,91.45,81.45,3,Mouse V2.2,2fe53b6aa260377610aea7e3ad8237e8
1000,100,104.28,101.28,1,Mouse V2,82c8eb1d8659fc8ad954a36e0cfff5ed
